intent_group,source_type,n,pct_of_group
alternatives,comparison,32,72.7
alternatives,vendor,5,11.4
alternatives,forum,4,9.1
alternatives,review-site,1,2.3
alternatives,listicle,1,2.3
alternatives,other,1,2.3
best-of,listicle,24,77.4
best-of,other,3,9.7
best-of,vendor,3,9.7
best-of,review-site,1,3.2
comparison,review-site,16,44.4
comparison,listicle,8,22.2
comparison,comparison,7,19.4
comparison,vendor,5,13.9
naive,vendor,41,56.9
naive,other,16,22.2
naive,forum,5,6.9
naive,listicle,4,5.6
naive,publication,4,5.6
naive,marketplace,2,2.8
problem-led,vendor,94,60.3
problem-led,publication,16,10.3
problem-led,other,15,9.6
problem-led,listicle,15,9.6
problem-led,forum,11,7.1
problem-led,review-site,4,2.6
problem-led,marketplace,1,0.6
skeptic,vendor,34,70.8
skeptic,other,5,10.4
skeptic,publication,3,6.2
skeptic,listicle,3,6.2
skeptic,comparison,2,4.2
skeptic,forum,1,2.1
