scope,domain,citations,source_type
overall,publitas.com,18,vendor
overall,g2.com,13,review-site
overall,flipsnack.com,13,vendor
overall,issuu.com,11,vendor
overall,fliphtml5.com,11,vendor
overall,capterra.com,8,review-site
overall,publuu.com,6,vendor
overall,help.flipsnack.com,6,vendor
overall,flippingbook.com,5,vendor
overall,paperturn.com,5,vendor
overall,adobe.com,4,vendor
overall,blog.flipsnack.com,4,vendor
overall,support.google.com,3,vendor
overall,developers.google.com,3,vendor
overall,dcatalog.com,3,vendor
overall,support.publitas.com,3,vendor
overall,ipaper.io,3,vendor
overall,helpx.adobe.com,2,vendor
overall,experienceleague.adobe.com,2,vendor
overall,support.fliphtml5.com,2,vendor
overall,crozdesk.com,2,review-site
overall,flowpaper.com,2,vendor
overall,heyzine.com,2,vendor
overall,help.issuu.com,2,vendor
overall,gartner.com,2,review-site
overall,3dissue.com,2,vendor
overall,shopify.com,2,publication
overall,apps.shopify.com,2,marketplace
overall,catalogy.com,1,vendor
overall,help.3dsellers.com,1,vendor
overall,help.shopify.com,1,vendor
overall,pimcore.com,1,vendor
overall,accessibe.com,1,vendor
overall,cms.flipbuilder.com,1,vendor
overall,fliplink.me,1,vendor
overall,alternativeto.net,1,comparison
overall,pubhtml5.com,1,vendor
overall,anyflip.com,1,vendor
overall,softwaresuggest.com,1,comparison
overall,swifdoo.com,1,comparison
overall,thecmo.com,1,listicle
overall,guideflow.com,1,listicle
overall,zipdo.co,1,listicle
overall,featuredcustomers.com,1,review-site
overall,optimizely.com,1,vendor
overall,contentful.com,1,vendor
overall,ca.pcmag.com,1,publication
overall,blog.flipbooksai.com,1,vendor
overall,statista.com,1,publication
overall,goodmenproject.com,1,publication
overall,business.adobe.com,1,vendor
overall,en.fluidbook.com,1,vendor
overall,meta.com,1,vendor
overall,developers.facebook.com,1,vendor
alternatives,g2.com,5,review-site
alternatives,fliphtml5.com,4,vendor
alternatives,publitas.com,4,vendor
alternatives,capterra.com,4,review-site
alternatives,paperturn.com,2,vendor
alternatives,flipsnack.com,2,vendor
alternatives,publuu.com,1,vendor
alternatives,alternativeto.net,1,comparison
alternatives,crozdesk.com,1,review-site
alternatives,pubhtml5.com,1,vendor
best-of,g2.com,5,review-site
best-of,issuu.com,2,vendor
best-of,gartner.com,2,review-site
best-of,flippingbook.com,1,vendor
best-of,flowpaper.com,1,vendor
best-of,publitas.com,1,vendor
best-of,blog.flipsnack.com,1,vendor
best-of,thecmo.com,1,listicle
best-of,guideflow.com,1,listicle
best-of,zipdo.co,1,listicle
comparison,flipsnack.com,6,vendor
comparison,publitas.com,6,vendor
comparison,ipaper.io,3,vendor
comparison,help.flipsnack.com,2,vendor
comparison,support.publitas.com,1,vendor
comparison,blog.flipsnack.com,1,vendor
naive,fliphtml5.com,6,vendor
naive,issuu.com,5,vendor
naive,publuu.com,2,vendor
naive,capterra.com,2,review-site
naive,paperturn.com,2,vendor
naive,3dissue.com,2,vendor
naive,flipsnack.com,2,vendor
naive,help.flipsnack.com,2,vendor
naive,heyzine.com,1,vendor
naive,ca.pcmag.com,1,publication
problem-led,adobe.com,4,vendor
problem-led,issuu.com,3,vendor
problem-led,flippingbook.com,3,vendor
problem-led,publuu.com,3,vendor
problem-led,support.google.com,3,vendor
problem-led,developers.google.com,3,vendor
problem-led,g2.com,3,review-site
problem-led,flipsnack.com,3,vendor
problem-led,publitas.com,2,vendor
problem-led,helpx.adobe.com,2,vendor
skeptic,publitas.com,4,vendor
skeptic,shopify.com,2,publication
skeptic,apps.shopify.com,2,marketplace
skeptic,support.publitas.com,1,vendor
skeptic,issuu.com,1,vendor
skeptic,meta.com,1,vendor
skeptic,developers.facebook.com,1,vendor
