url,domain,page_type,times_retrieved,times_cited,n_queries,intent_groups,title
https://www.publitas.com/digital-catalog/,publitas.com,vendor,8,8,7,alternatives; comparison; naive; problem-led; skeptic,
https://www.publitas.com/digital-catalog/?trk=test,publitas.com,vendor,7,9,3,comparison; skeptic,
https://issuu.com/solutions/marketing/digital-catalog,issuu.com,vendor,10,5,6,best-of; naive; problem-led; skeptic,
https://developers.google.com/analytics/devguides/collection/ga4/ecommerce,developers.google.com,vendor,3,11,1,problem-led,
https://www.flipsnack.com/ecommerce-product-catalog,flipsnack.com,vendor,10,4,6,best-of; comparison; naive; problem-led,
https://www.flipsnack.com/product-catalog,flipsnack.com,vendor,7,7,3,comparison; naive,
https://www.publitas.com/?language=EN,publitas.com,vendor,9,5,3,comparison; skeptic,
https://www.publitas.com/shoppable-experience-platform/,publitas.com,vendor,4,8,3,comparison; skeptic,
https://fliphtml5.com/blog/8-powerful-issuu-alternatives-competitors-for-digital-publishing/,fliphtml5.com,comparison,5,6,2,alternatives,
https://issuu.com/,issuu.com,vendor,10,1,6,best-of; naive; problem-led,
https://www.g2.com/categories/catalog-management,g2.com,review-site,7,4,3,alternatives; problem-led,
https://www.g2.com/products/ipaper/competitors/alternatives,g2.com,comparison,3,8,1,alternatives,
https://www.ipaper.io/industry/b2c/retail,ipaper.io,vendor,3,8,1,comparison,
https://fliphtml5.com/,fliphtml5.com,vendor,6,4,4,alternatives; naive; problem-led,
https://www.capterra.com/catalog-management-software/,capterra.com,review-site,10,0,5,alternatives; best-of; problem-led,
https://www.flipsnack.com/digital-catalog,flipsnack.com,vendor,6,4,5,comparison; naive; problem-led; skeptic,
https://www.publitas.com/publitas-for-small-business/,publitas.com,vendor,10,0,5,alternatives; comparison; naive; skeptic,
https://fliphtml5.com/fliphtml5-pricing.php,fliphtml5.com,vendor,3,6,2,alternatives; naive,
https://www.capterra.com/p/148417/DCatalog/,capterra.com,review-site,4,5,2,alternatives; problem-led,
https://www.capterra.com/p/157171/iPaper/alternatives/,capterra.com,comparison,2,7,1,alternatives,
https://www.flipsnack.com/catalog,flipsnack.com,vendor,9,0,7,best-of; comparison; naive; problem-led; skeptic,
https://www.publitas.com/,publitas.com,vendor,4,5,4,alternatives; best-of; naive; problem-led,
https://www.publitas.com/promotional-content-platform/,publitas.com,vendor,5,4,2,comparison; skeptic,
https://developers.google.com/analytics/devguides/collection/ga4/events,developers.google.com,vendor,3,5,1,problem-led,
https://flippingbook.com/online-digital-catalog,flippingbook.com,vendor,2,6,2,best-of; problem-led,
https://www.g2.com/categories/flipbook,g2.com,review-site,3,5,2,best-of; naive,
https://www.ipaper.io/,ipaper.io,vendor,3,5,1,comparison,
https://www.publitas.com/blog/best-ipaper-alternatives-for-retailers-and-ecommerce-brands/,publitas.com,comparison,3,5,2,alternatives; comparison,
https://www.publitas.com/features/,publitas.com,vendor,7,1,3,alternatives; comparison; skeptic,
https://blog.flipsnack.com/top-digital-catalog-makers-to-elevate-your-business/,blog.flipsnack.com,vendor,4,3,3,best-of; problem-led; skeptic,
https://fliphtml5.com/ads-ldp/01-best-issuu-alternative-for-magazine-flipbook-catalog-portforlio.php,fliphtml5.com,comparison,4,3,2,alternatives,
https://help.flipsnack.com/en/articles/4168222-is-flipsnack-accessible,help.flipsnack.com,vendor,4,3,2,naive; problem-led,
https://issuu.com/flipbook/digital-flipbook,issuu.com,vendor,6,1,6,best-of; naive; problem-led,
https://support.google.com/analytics/answer/9356034?hl=en,support.google.com,vendor,3,4,1,problem-led,
https://www.adobe.com/accessibility/compliance.html,adobe.com,vendor,2,5,1,problem-led,
https://www.flipsnack.com/,flipsnack.com,vendor,4,3,3,comparison; naive; problem-led,
https://www.g2.com/products/issuu/competitors/alternatives,g2.com,comparison,4,3,2,alternatives,
https://www.gartner.com/reviews/market/content-marketing-platforms,gartner.com,review-site,2,5,1,best-of,
https://www.publitas.com/?spread=2,publitas.com,vendor,7,0,3,comparison; skeptic,
https://flippingbook.com/help/online/changing-your-publication/replacing-pdf-in-publication,flippingbook.com,vendor,3,3,1,problem-led,
https://help.flipsnack.com/en/product-catalog-generator,help.flipsnack.com,vendor,4,2,2,comparison,
https://helpx.adobe.com/ca/indesign/using/dynamic-pdf-documents.html,helpx.adobe.com,vendor,2,4,1,problem-led,
https://heyzine.com/,heyzine.com,vendor,2,4,2,naive; problem-led,
https://issuu.com/flipbook,issuu.com,vendor,4,2,4,best-of; naive; problem-led,
https://issuu.com/legal/accessibility,issuu.com,vendor,3,3,2,naive; problem-led,
https://www.capterra.com/p/148188/Catalog-Machine/,capterra.com,review-site,5,1,3,alternatives; best-of,
https://www.flipsnack.com/accessibility,flipsnack.com,vendor,2,4,2,naive; problem-led,
https://www.gartner.com/reviews/market/digital-experience-platforms,gartner.com,review-site,2,4,1,best-of,
https://www.publitas.com/blog/best-issuu-alternative-for-digital-catalogs/,publitas.com,comparison,2,4,1,alternatives,
https://www.publitas.com/pricing/,publitas.com,vendor,6,0,5,alternatives; best-of; comparison; skeptic,
https://www.swifdoo.com/news/issuu-alternative,swifdoo.com,comparison,2,4,2,alternatives,
https://alternativeto.net/software/issuu/?origin=eu,alternativeto.net,comparison,1,4,1,alternatives,
https://experienceleague.adobe.com/en/docs/dynamic-media-classic/using/ecatalogs/quick-start-ecatalog,experienceleague.adobe.com,vendor,2,3,1,problem-led,
https://flowpaper.com/,flowpaper.com,vendor,2,3,2,best-of; problem-led,
https://help.flipsnack.com/en/articles/4496544-how-does-accessibility-work,help.flipsnack.com,vendor,3,2,1,naive,
https://help.shopify.com/en/manual/products/add-update-products,help.shopify.com,vendor,1,4,1,problem-led,
https://helpx.adobe.com/acrobat/desktop/edit-documents/use-links-and-attachments/link-web-pages.html,helpx.adobe.com,vendor,3,2,1,problem-led,
https://issuu.com/industry/retail,issuu.com,vendor,5,0,3,best-of; naive; skeptic,
https://publuu.com/,publuu.com,vendor,5,0,5,naive; problem-led,
https://publuu.com/help/how-to-replace-my-flipbook-without-changing-its-link/,publuu.com,vendor,3,2,1,problem-led,
https://support.google.com/analytics/answer/12200568?hl=en,support.google.com,vendor,3,2,1,problem-led,
https://support.google.com/analytics/answer/9267735?hl=en,support.google.com,vendor,3,2,1,problem-led,
https://support.publitas.com/e-commerce-product-feeds,support.publitas.com,vendor,3,2,2,comparison; skeptic,
https://www.adobe.com/acrobat/hub/how-to-make-a-pdf-interactive.html,adobe.com,vendor,3,2,1,problem-led,
https://www.capterra.com/ecommerce-software/,capterra.com,review-site,5,0,3,alternatives; best-of; problem-led,
https://www.capterra.com/p/10005048/XC-Digital-Flyer/,capterra.com,review-site,3,2,1,problem-led,
https://www.g2.com/categories/content-experience-platforms,g2.com,review-site,3,2,1,best-of,
https://www.g2.com/categories/digital-experience-platforms-dxp,g2.com,review-site,2,3,1,best-of,
https://www.g2.com/products/dcatalog/reviews,g2.com,review-site,1,4,1,problem-led,
https://www.guideflow.com/blog/content-experience-platforms,guideflow.com,listicle,1,4,1,best-of,
https://www.paperturn.com/paperturn-issuu-alternative,paperturn.com,comparison,2,3,2,alternatives,
https://www.publitas.com/blog/product-catalog-software-for-retail-discovery-and-growth/,publitas.com,vendor,4,1,4,comparison; problem-led; skeptic,
https://blog.flipsnack.com/shopping-catalogs/,blog.flipsnack.com,vendor,4,0,3,comparison; problem-led,
https://custom-domain.publitas.com/,custom-domain.publitas.com,vendor,4,0,2,comparison; skeptic,
https://developers.google.com/analytics/devguides/collection/protocol/ga4/reference/events,developers.google.com,vendor,3,1,1,problem-led,
https://fliphtml5.com/guide/tools/free-online-catalog-makers/,fliphtml5.com,vendor,2,2,2,naive; problem-led,
https://help.flipsnack.com/en/replace-pdf-and-keep-interactions,help.flipsnack.com,vendor,2,2,1,problem-led,
https://help.issuu.com/hc/en-us/articles/5772756533787-Re-Upload-Your-Content,help.issuu.com,vendor,2,2,1,problem-led,
https://pimcore.com/en/products/product-information-management/product-catalog-management,pimcore.com,vendor,1,3,1,problem-led,
https://publuu.com/interactive-pdf/,publuu.com,vendor,4,0,3,naive; problem-led,
https://www.capterra.com/,capterra.com,review-site,4,0,3,best-of; problem-led,
https://www.capterra.com/compare/176854-212526/Flipsnack-vs-Issuu,capterra.com,comparison,2,2,1,alternatives,
https://www.capterra.com/p/209819/Heyzine/,capterra.com,review-site,2,2,1,naive,
https://www.flipsnack.com/digital-flyer,flipsnack.com,vendor,1,3,1,problem-led,
https://www.flipsnack.com/features/shopping-list,flipsnack.com,vendor,3,1,3,comparison; naive,
https://www.flipsnack.com/go-premium.html,flipsnack.com,vendor,2,2,2,alternatives; comparison,
https://www.flipsnack.com/integrations,flipsnack.com,vendor,3,1,1,comparison,
https://www.g2.com/products/catalog/competitors/alternatives,g2.com,comparison,4,0,3,alternatives; problem-led,
https://www.g2.com/products/digital-catalogue/competitors/alternatives,g2.com,comparison,4,0,2,alternatives,
https://www.publitas.com/blog/best-flipsnack-alternatives-for-digital-catalogs/,publitas.com,comparison,4,0,3,alternatives; best-of; comparison,
https://www.shopify.com/blog/ecommerce-software,shopify.com,publication,1,3,1,skeptic,
https://www.softwaresuggest.com/issuu/alternatives,softwaresuggest.com,comparison,3,1,3,alternatives,
https://apps.shopify.com/catalogs-pdf-flipbook-maker,apps.shopify.com,marketplace,1,2,1,skeptic,
https://apps.shopify.com/flook-from-pdf-to-flipbook,apps.shopify.com,marketplace,3,0,1,skeptic,
https://apps.shopify.com/pdf-catalogs-flipbook,apps.shopify.com,marketplace,3,0,1,skeptic,
https://apps.shopify.com/pdf-viewer-real3d-flipbook,apps.shopify.com,marketplace,2,1,1,skeptic,
https://blog.flipsnack.com/flipsnack-vs-publitas/,blog.flipsnack.com,comparison,2,1,1,comparison,
https://cms.flipbuilder.com/extension/digital-catalogue-software.html,cms.flipbuilder.com,vendor,1,2,1,problem-led,
https://company.g2.com/news/g2s-2026-best-software-awards,company.g2.com,review-site,3,0,1,problem-led,
https://crozdesk.com/software/insitu-sales,crozdesk.com,review-site,1,2,1,problem-led,
https://dcatalog.com/issuu-alternative/,dcatalog.com,comparison,1,2,1,alternatives,
https://developers.google.com/analytics/devguides/collection/ga4,developers.google.com,vendor,2,1,1,problem-led,
https://developers.google.com/analytics/devguides/collection/ga4/reference/events,developers.google.com,vendor,3,0,1,problem-led,
https://developers.google.com/analytics/devguides/collection/ga4/validate-ecommerce,developers.google.com,vendor,1,2,1,problem-led,
https://experienceleague.adobe.com/en/docs/commerce-admin/catalog/guide-overview,experienceleague.adobe.com,vendor,2,1,2,naive; problem-led,
https://fliphtml5.com/flipbooks/,fliphtml5.com,vendor,1,2,1,naive,
https://fliphtml5.com/guide/tools/catalog-maker-software-2026/,fliphtml5.com,vendor,1,2,1,problem-led,
https://fliplink.me/features/replace-pdf,fliplink.me,vendor,2,1,1,problem-led,
https://help.flipsnack.com/en/allow-users-to-download-accessible-pdfs,help.flipsnack.com,vendor,2,1,1,naive,
https://help.flipsnack.com/en/articles/107463-adding-replacing-a-pdf-file-in-a-flipbook-and-keeping-the-same-share-link,help.flipsnack.com,vendor,2,1,1,problem-led,
https://help.ipaper.io/en/collections/621814-shoppable-content,help.ipaper.io,vendor,3,0,1,comparison,
https://help.shopify.com/en/manual/shopify-admin/productivity-tools/using-tags,help.shopify.com,other,2,1,1,problem-led,
https://issuu.com/features/add-links,issuu.com,vendor,3,0,2,problem-led,
https://online.fliphtml5.com/vnefl/pwjz/,online.fliphtml5.com,vendor,3,0,1,naive,
https://publuu.com/knowledge-base/top-issuu-alternatives/,publuu.com,comparison,2,1,2,alternatives,
https://publuu.com/online-product-catalog/,publuu.com,vendor,2,1,2,naive; problem-led,
https://publuu.com/prices/,publuu.com,vendor,2,1,2,alternatives; naive,
https://support.fliphtml5.com/en/articles/10356757-enable-accessibility-feature-for-flipbook,support.fliphtml5.com,vendor,1,2,1,problem-led,
https://support.fliphtml5.com/en/articles/10356777-excel-to-catalog,support.fliphtml5.com,vendor,1,2,1,problem-led,
https://www.3dissue.com/epub-vs-mobi-vs-flipbooks-vs-responsive-the-2025-publishers-decision-guide/,3dissue.com,vendor,1,2,1,naive,
https://www.capterra.com/retail-management-systems-software/,capterra.com,review-site,3,0,2,best-of; problem-led,
https://www.contentful.com/solutions/retail/,contentful.com,vendor,1,2,1,best-of,
https://www.flipsnack.com/digital-brochure,flipsnack.com,vendor,1,2,1,problem-led,
https://www.g2.com/categories/content-experience-platforms?segment=all,g2.com,review-site,1,2,1,best-of,
https://www.g2.com/categories/flipbook/enterprise,g2.com,review-site,2,1,1,best-of,
https://www.g2.com/categories/flipbook/small-business,g2.com,review-site,3,0,2,best-of; naive,
https://www.g2.com/categories/mobile-e-commerce,g2.com,review-site,3,0,1,problem-led,
https://www.g2.com/products/sitecore-digital-experience-platform/reviews,g2.com,review-site,1,2,1,best-of,
https://www.ipaper.io/industry/b2c/catalog,ipaper.io,vendor,3,0,1,comparison,
https://www.ipaper.io/industry/b2c/leaflets,ipaper.io,vendor,3,0,1,comparison,
https://www.ipaper.io/success-framework/integrate,ipaper.io,vendor,3,0,1,comparison,
https://www.optimizely.com/company/press/gartner-cmp-mq-2026,optimizely.com,vendor,1,2,1,best-of,
https://www.paperturn.com/features/accessibility,paperturn.com,vendor,1,2,1,naive,
https://www.paperturn.com/flipbook-help-center/update-your-flipbook-using-the-replace-feature,paperturn.com,vendor,1,2,1,problem-led,
https://www.publitas.com/blog/automate-product-catalog-creation/,publitas.com,vendor,2,1,2,problem-led; skeptic,
https://www.publitas.com/shoppable-experience-platform/publitas-create/,publitas.com,vendor,3,0,3,comparison; skeptic,
https://www.publitas.com/shoppable-landing-pages/,publitas.com,vendor,2,1,2,comparison; skeptic,
https://www.shopify.com/blog/ecommerce-trends-predictions,shopify.com,publication,2,1,1,skeptic,
https://www.softwareadvice.com/catalog-management/,softwareadvice.com,review-site,3,0,2,alternatives; problem-led,
https://about.instagram.com/feed,about.instagram.com,vendor,2,0,1,skeptic,
https://accessibe.com/,accessibe.com,vendor,1,1,1,problem-led,
https://alternativeto.net/software/issuu/?platform=self-hosted,alternativeto.net,comparison,1,1,1,alternatives,
https://anyflip.com/pricing/,anyflip.com,vendor,1,1,1,alternatives,
https://apps.shopify.com/k-pdf-viewer,apps.shopify.com,marketplace,2,0,1,skeptic,
https://blog.flipbooksai.com/digital-publishing-2026-why-flipbooks-are-winning,blog.flipbooksai.com,vendor,1,1,1,naive,
https://blog.flipbooksai.com/what-makes-interactive-flipbooks-so-popular-right-now,blog.flipbooksai.com,vendor,2,0,1,naive,
https://blog.flipsnack.com/accessible-digital-catalogs/,blog.flipsnack.com,vendor,2,0,2,naive; problem-led,
https://blog.flipsnack.com/flipsnack-vs-publuu-vs-heyzine/,blog.flipsnack.com,comparison,1,1,1,best-of,
https://blog.flipsnack.com/interactive-catalogs-increase-sales-with-shopping-links/,blog.flipsnack.com,vendor,2,0,2,comparison,
https://business.adobe.com/blog/how-adobe-supports-compliance-with-ada-web-accessibility-standards,business.adobe.com,vendor,2,0,1,problem-led,
https://business.adobe.com/products/commerce.html,business.adobe.com,vendor,1,1,1,naive,
https://ca.pcmag.com/graphic-design/5994/adobe-express,ca.pcmag.com,publication,1,1,1,naive,
https://community.shopify.com/t/can-i-add-a-digital-flip-through-catalog-to-my-homepage/31326,community.shopify.com,forum,2,0,1,skeptic,
https://company.g2.com/news/g2s-2025-best-software-awards,company.g2.com,publication,2,0,1,problem-led,
https://crozdesk.com/software/dcatalog,crozdesk.com,review-site,2,0,2,alternatives; problem-led,
https://crozdesk.com/software/flip-pdf-plus-pro/pricing,crozdesk.com,review-site,1,1,1,alternatives,
https://crozdesk.com/software/flippingbook/pricing,crozdesk.com,review-site,1,1,1,alternatives,
https://custom-domain.publitas.com/online-digital-catalog/,custom-domain.publitas.com,vendor,2,0,1,skeptic,
https://custom-domain.publitas.com/services/,custom-domain.publitas.com,vendor,2,0,1,skeptic,
https://dcatalog.com/b2b-catalogs/,dcatalog.com,vendor,1,1,1,problem-led,
https://dcatalog.com/dcatalog-ada-wcag-friendly-publishing-solution/,dcatalog.com,vendor,1,1,1,naive,
https://developers.facebook.com/documentation/business-messaging/instagram-messaging/features/product-template.md/,developers.facebook.com,vendor,1,1,1,skeptic,
https://developers.google.com/analytics/devguides/collection/ga4/event-parameters,developers.google.com,vendor,1,1,1,problem-led,
https://developers.google.com/analytics/devguides/collection/ga4/reference/recommended-events,developers.google.com,vendor,2,0,1,problem-led,
https://developers.google.com/analytics/devguides/collection/ga4/set-up-ecommerce,developers.google.com,vendor,2,0,1,problem-led,
https://developers.publitas.com/docs/,developers.publitas.com,vendor,2,0,2,problem-led; skeptic,
https://editor.publuu.com/,editor.publuu.com,vendor,2,0,2,naive; problem-led,
https://en.fluidbook.com/,en.fluidbook.com,vendor,1,1,1,naive,
https://experienceleague.adobe.com/en/docs/blueprints-learn/architecture/industry-use-cases/retail-overview,experienceleague.adobe.com,vendor,1,1,1,best-of,
https://fliphtml5.com/blog/10-best-issuu-alternative-software-for-digital-publishing/,fliphtml5.com,comparison,2,0,1,alternatives,
https://fliphtml5.com/blog/create/digital-catalog/,fliphtml5.com,vendor,2,0,2,naive; problem-led,
https://fliphtml5.com/blog/free-online-flipbook-makers/,fliphtml5.com,vendor,2,0,1,naive,
https://fliphtml5.com/blog/solution-ecommerce/,fliphtml5.com,vendor,2,0,2,alternatives; naive,
https://fliphtml5.com/guide/how-to/convert-pdf-digital-catalog/,fliphtml5.com,vendor,1,1,1,naive,
https://fliplink.me/blog/replace-pdf-keep-same-link,fliplink.me,vendor,2,0,1,problem-led,
https://flippingbook.com/help/online/changing-your-publication,flippingbook.com,vendor,2,0,1,problem-led,
https://flippingbook.com/help/publisher-2/general/accessible-publications-for-people-with-disabilities,flippingbook.com,vendor,1,1,1,naive,
https://gitnux.org/best/digital-catalog-publishing-software/,gitnux.org,listicle,2,0,2,alternatives,
https://goodmenproject.com/technology/bringing-static-pdfs-to-life-why-interactive-flipbooks-are-becoming-a-digital-essential/,goodmenproject.com,publication,1,1,1,naive,
https://help.3dsellers.com/en/articles/15393915-how-to-edit-product-tags-in-bulk-product-catalog,help.3dsellers.com,vendor,1,1,1,problem-led,
https://help.flipsnack.com/en/advanced-customization-options,help.flipsnack.com,vendor,2,0,1,naive,
https://help.flipsnack.com/en/articles/107456-pricing-plans-explained,help.flipsnack.com,vendor,2,0,2,alternatives; comparison,
https://help.flipsnack.com/en/how-to-turn-your-pdfs-into-shoppable-catalogs-and-automate-the-process,help.flipsnack.com,vendor,2,0,2,comparison; problem-led,
https://help.flipsnack.com/en/how-to-use-ai-powered-text-extraction-for-accessibility,help.flipsnack.com,vendor,2,0,1,naive,
https://help.issuu.com/hc/en-us/articles/5772743879067-Links-and-Videos-in-your-Content,help.issuu.com,vendor,2,0,1,problem-led,
https://help.shopify.com/en/manual/online-store/themes/customizing-themes/common-customizations/change-catalog-page,help.shopify.com,vendor,1,1,1,problem-led,
https://help.shopify.com/en/manual/products/details/product-details-page,help.shopify.com,vendor,1,1,1,problem-led,
https://help.shopify.com/en/manual/products/details/tags,help.shopify.com,vendor,1,1,1,problem-led,
https://help.shopify.com/en/manual/products/digital-service-product/digital-downloads,help.shopify.com,vendor,1,1,1,problem-led,
https://issuu.com/apa_florida/docs/2025_ada_compliance_handout,issuu.com,vendor,2,0,1,problem-led,
https://issuu.com/elearningsolutionsacadecraft/docs/understanding_wcag_2.0_compliance_a_guide_to_web_a,issuu.com,vendor,2,0,2,naive; problem-led,
https://issuu.com/issuu/docs/how_to_create_a_catalog_with_issuu/s/12829196,issuu.com,vendor,1,1,1,naive,
https://issuu.com/jsproducts/docs/grainger_catalog_2026,issuu.com,vendor,2,0,1,best-of,
https://issuu.com/stiga.group/docs/vpat_alpina-garden.com,issuu.com,vendor,2,0,2,naive; problem-led,
https://learn.g2.com/best-ecommerce-platforms,learn.g2.com,listicle,2,0,1,alternatives,
https://learn.g2.com/best-mobile-marketing-software,learn.g2.com,listicle,2,0,1,problem-led,
https://learn.g2.com/best-retail-pos-systems,learn.g2.com,listicle,2,0,1,problem-led,
https://learn.g2.com/free-ecommerce-websites,learn.g2.com,listicle,2,0,1,alternatives,
https://lp.flipsnack.com/flipsnack-event-2025,lp.flipsnack.com,vendor,2,0,2,comparison; naive,
https://pubhtml5.com/pricing.php,pubhtml5.com,vendor,1,1,1,alternatives,
https://publuu.com/help/managing-flipbooks/,publuu.com,vendor,2,0,1,problem-led,
https://publuu.com/knowledge-base/how-to-make-electronic-catalog-step-by-step/,publuu.com,vendor,2,0,2,naive; problem-led,
https://publuu.com/shoppable-content/,publuu.com,vendor,1,1,1,problem-led,
https://support.fliphtml5.com/en/articles/7990119-create-a-digital-flipbook-in-minutes,support.fliphtml5.com,vendor,2,0,1,naive,
https://support.fliphtml5.com/en/articles/9233747-create-a-flipbook-from-scratch,support.fliphtml5.com,vendor,2,0,1,naive,
https://support.google.com/analytics/?hl=en,support.google.com,vendor,2,0,1,problem-led,
https://support.google.com/analytics/answer/14207267?hl=en-EN,support.google.com,vendor,2,0,1,problem-led,
https://support.google.com/analytics/answer/14430645?hl=en,support.google.com,vendor,1,1,1,problem-led,
https://support.google.com/analytics/answer/14430645?hl=en-EN,support.google.com,vendor,2,0,1,problem-led,
https://support.google.com/analytics/answer/14434488?hl=en-EN,support.google.com,vendor,2,0,1,problem-led,
https://support.publitas.com/updating-the-pages-of-your-publication,support.publitas.com,vendor,1,1,1,problem-led,
https://thecmo.com/tools/best-content-experience-platform/,thecmo.com,listicle,1,1,1,best-of,
https://uk.pcmag.com/software-services/139756/the-best-free-software?p=1,uk.pcmag.com,listicle,2,0,1,naive,
https://worldmetrics.org/best/digital-catalog-publishing-software/,worldmetrics.org,listicle,2,0,2,alternatives,
https://worldmetrics.org/best/digital-catalog-software/,worldmetrics.org,listicle,2,0,2,alternatives,
https://www.3dissue.com/accessible-page-turning-magazines-without-rebuilding-every-issue-by-hand/,3dissue.com,vendor,1,1,1,naive,
https://www.adobe.com/au/acrobat/roc/blog/how-to-make-pdf-interactive.html,adobe.com,vendor,2,0,1,problem-led,
https://www.adobe.com/nz/acrobat/roc/blog/how-to-make-interactive-pdf.html,adobe.com,vendor,2,0,1,problem-led,
https://www.adobe.com/uk/acrobat/resources/how-to-create-an-interactive-pdf.html,adobe.com,vendor,2,0,1,problem-led,
https://www.capterra.com/p/10043673/Ecollat-Digital-Catalogs/,capterra.com,review-site,2,0,1,alternatives,
https://www.capterra.com/p/123930/FlippingBook-Publisher/,capterra.com,review-site,2,0,1,naive,
https://www.capterra.com/p/123930/FlippingBook-Publisher/reviews/,capterra.com,review-site,2,0,2,best-of; naive,
https://www.capterra.com/p/134910/Flip-PDF/,capterra.com,review-site,2,0,1,naive,
https://www.capterra.com/p/148417/DCatalog/reviews/,capterra.com,review-site,2,0,2,problem-led,
https://www.capterra.com/p/157171/iPaper/,capterra.com,review-site,2,0,1,alternatives,
https://www.capterra.com/p/183811/CatalogIt/reviews/,capterra.com,review-site,2,0,2,problem-led,
https://www.capterra.com/p/202617/FlipHTML5/,capterra.com,review-site,2,0,1,naive,
https://www.capterra.com/p/202617/FlipHTML5/reviews/,capterra.com,review-site,2,0,1,naive,
https://www.capterra.com/p/212526/Issuu/,capterra.com,review-site,2,0,1,alternatives,
https://www.capterra.com/p/212526/Issuu/alternatives/,capterra.com,comparison,2,0,1,alternatives,
https://www.capterra.com/publishing-and-subscriptions-software/,capterra.com,review-site,2,0,1,best-of,
https://www.catalogy.com/blog/how-to-share-a-catalog-online,catalogy.com,vendor,1,1,1,problem-led,
https://www.catalogy.com/digital-catalog-software,catalogy.com,vendor,1,1,1,problem-led,
https://www.featuredcustomers.com/software/marketing-contentexperience-platform,featuredcustomers.com,review-site,1,1,1,best-of,
https://www.fliphtml5.com/,fliphtml5.com,vendor,1,1,1,naive,
https://www.fliplify.com/flipbook-trends-whats-new-in-the-world-of-digital-publishing/,fliplify.com,vendor,2,0,1,naive,
https://www.flipsnack.com/features/,flipsnack.com,vendor,2,0,2,alternatives; comparison,
https://www.flipsnack.com/flipsnack/,flipsnack.com,vendor,2,0,2,comparison,
https://www.flipsnack.com/issuu-alternative,flipsnack.com,comparison,1,1,1,alternatives,
https://www.flipsnack.com/wholesale-catalog,flipsnack.com,vendor,2,0,2,comparison; naive,
https://www.g2.com/categories/catalog-management/free,g2.com,review-site,2,0,1,alternatives,
https://www.g2.com/categories/catalog-management/themes/catalog-management,g2.com,review-site,1,1,1,problem-led,
https://www.g2.com/categories/catalog-management/themes/flipbook-conversion,g2.com,review-site,2,0,1,best-of,
https://www.g2.com/categories/catalog-management/themes/flipbook-creation,g2.com,review-site,2,0,1,best-of,
https://www.g2.com/categories/content-distribution/themes/content-experience-platforms,g2.com,review-site,2,0,1,best-of,
https://www.g2.com/categories/content-marketing,g2.com,review-site,2,0,1,best-of,
https://www.g2.com/categories/digital-experience-platforms-dxp/enterprise,g2.com,review-site,2,0,1,best-of,
https://www.g2.com/categories/sales-enablement/themes/content-experience,g2.com,review-site,2,0,1,best-of,
https://www.g2.com/discussions/best-catalog-software-for-multi-channel-selling,g2.com,forum,1,1,1,problem-led,
https://www.g2.com/discussions/best-tools-for-integrating-product-catalogs-with-marketplaces,g2.com,forum,1,1,1,problem-led,
https://www.g2.com/products/catalogue/competitors/alternatives,g2.com,comparison,2,0,1,alternatives,
https://www.g2.com/products/dcatalog/competitors/alternatives,g2.com,review-site,2,0,1,best-of,
https://www.gartner.com/reviews/markets/marketing,gartner.com,review-site,2,0,1,best-of,
https://www.ipaper.io/products/flipbooks/pricing,ipaper.io,vendor,2,0,1,comparison,
https://www.issuu.com/mars-alcoso/docs/mars_katalog_2014,issuu.com,vendor,1,1,1,naive,
https://www.meta.com/instagram/,meta.com,vendor,1,1,1,skeptic,
https://www.paperturn.com/blog/digital-marketing/flipbook-software-in-2026,paperturn.com,vendor,1,1,1,naive,
https://www.publitas.com/blog/best-flipbook-software/,publitas.com,vendor,2,0,1,best-of,
https://www.publitas.com/blog/category/ecommerce/,publitas.com,vendor,2,0,1,skeptic,
https://www.publitas.com/blog/flipbook-software-selection-guide/,publitas.com,vendor,2,0,1,best-of,
https://www.publitas.com/blog/flipsnack-vs-publuu/,publitas.com,comparison,2,0,1,comparison,
https://www.publitas.com/blog/ipaper-vs-dcatalog/,publitas.com,comparison,1,1,1,alternatives,
https://www.publitas.com/blog/publitas-and-bloomreach-announce-shoppable-catalogue-personalisation-partnership/,publitas.com,vendor,2,0,1,skeptic,
https://www.publitas.com/catalog-data-solutions/,publitas.com,vendor,2,0,1,skeptic,
https://www.publitas.com/custom-catalog-solutions/,publitas.com,vendor,2,0,2,problem-led; skeptic,
https://www.publitas.com/digital-catalog-automation/,publitas.com,vendor,2,0,2,comparison; problem-led,
https://www.publitas.com/flipbook-maker/,publitas.com,vendor,1,1,1,skeptic,
https://www.publitas.com/google-catalogs/,publitas.com,vendor,2,0,2,comparison,
https://www.shopify.com/enterprise/blog/instagram-ecommerce,shopify.com,publication,2,0,1,skeptic,
https://www.softwareadvice.com/data-catalog/,softwareadvice.com,review-site,2,0,2,alternatives; problem-led,
https://www.statista.com/topics/1453/digital-publishing/,statista.com,publication,1,1,1,naive,
https://wydawnictwokreator.publuu.com/view/content/,wydawnictwokreator.publuu.com,other,2,0,2,naive; problem-led,
https://zipdo.co/best/enterprise-content-marketing-software/,zipdo.co,listicle,1,1,1,best-of,
https://77050730.flowpaper.com/WRSCatalogue2026proof42/,77050730.flowpaper.com,vendor,1,0,1,best-of,
https://79c40727.flowpaper.com/MTCatalog2026web/,79c40727.flowpaper.com,vendor,1,0,1,best-of,
https://about.fb.com/news/,about.fb.com,vendor,1,0,1,skeptic,
https://about.fb.com/news/2026/06/meta-essilorluxottica-partner-launch-meta-glasses/,about.fb.com,vendor,1,0,1,skeptic,
https://about.fb.com/news/category/product-news/,about.fb.com,vendor,1,0,1,skeptic,
https://about.fb.com/news/category/technologies/instagram/,about.fb.com,vendor,1,0,1,skeptic,
https://academy.flipsnack.com/,academy.flipsnack.com,vendor,1,0,1,best-of,
https://accessibe.com/blog/knowledgebase/ada-compliant-pdfs,accessibe.com,vendor,1,0,1,problem-led,
https://accessibe.com/blog/knowledgebase/online-documents-the-quietest-title-ii-risk,accessibe.com,vendor,1,0,1,problem-led,
https://accessibe.com/compliance,accessibe.com,vendor,1,0,1,problem-led,
https://accessibe.com/compliance/wcag-21,accessibe.com,vendor,1,0,1,problem-led,
https://accessibe.com/services,accessibe.com,vendor,1,0,1,problem-led,
https://alternativeto.net/software/issuu/,alternativeto.net,comparison,1,0,1,alternatives,
https://alternativeto.net/software/issuu/?license=free,alternativeto.net,comparison,1,0,1,alternatives,
https://alternativeto.net/software/issuu/?p=3,alternativeto.net,comparison,1,0,1,alternatives,
https://alternativeto.net/software/issuu/?platform=online,alternativeto.net,comparison,1,0,1,alternatives,
https://alternativeto.net/software/zenflip/about/,alternativeto.net,comparison,1,0,1,alternatives,
https://anyflip.com/,anyflip.com,vendor,1,0,1,alternatives,
https://anyflip.com/ryhya/hfbq,anyflip.com,vendor,1,0,1,naive,
https://anyflip.com/ryhya/hfbq/basic,anyflip.com,other,1,0,1,naive,
https://app.publitas.com/,app.publitas.com,vendor,1,0,1,skeptic,
https://app.publitas.com/signin,app.publitas.com,vendor,1,0,1,skeptic,
https://appmus.com/alternatives-to/issuu,appmus.com,comparison,1,0,1,alternatives,
https://apps.shopify.com/catalogace,apps.shopify.com,marketplace,1,0,1,skeptic,
https://apps.shopify.com/catalogly,apps.shopify.com,marketplace,1,0,1,skeptic,
https://au.pcmag.com/laptops/45473/the-best-2-in-1-convertible-and-hybrid-laptops,au.pcmag.com,listicle,1,0,1,naive,
https://au.pcmag.com/printers/53245/the-best-label-makers,au.pcmag.com,listicle,1,0,1,naive,
https://au.pcmag.com/project-management/10283/the-best-project-management-software,au.pcmag.com,listicle,1,0,1,naive,
https://au.pcmag.com/website-builders/30863/the-best-website-builders,au.pcmag.com,listicle,1,0,1,naive,
https://blog.adobe.com/en/publish/2018/05/23/interactive-pdf-bookmarks-linked-tocs-indesign,blog.adobe.com,vendor,1,0,1,problem-led,
https://blog.adobe.com/en/publish/2018/05/23/interactive-pdf-graphical-hyperlinks-nested-master-pages-indesign,blog.adobe.com,vendor,1,0,1,problem-led,
https://blog.flipbooksai.com/flipbook-marketing-the-strategy-your-competitors-ignore,blog.flipbooksai.com,vendor,1,0,1,naive,
https://blog.flipbooksai.com/flipbooks-are-replacing-pdfs,blog.flipbooksai.com,vendor,1,0,1,naive,
https://blog.flipbooksai.com/issuu-alternative-that-actually-lets-you-publish-for-free,blog.flipbooksai.com,comparison,1,0,1,alternatives,
https://blog.flipbooksai.com/top-8-alternatives-to-issuu-that-are-free-or-cheaper,blog.flipbooksai.com,comparison,1,0,1,alternatives,
https://blog.flipbooksai.com/why-heyzine-users-are-moving-to-flipbooksai-in-2026,blog.flipbooksai.com,comparison,1,0,1,naive,
https://blog.flipbuilder.com/free-catalog-maker-software/4618/,blog.flipbuilder.com,vendor,1,0,1,problem-led,
https://blog.flipsnack.com/accessible-digital-brochures/,blog.flipsnack.com,vendor,1,0,1,problem-led,
https://blog.flipsnack.com/b2b-reinvented-digital-product-catalogs/,blog.flipsnack.com,vendor,1,0,1,skeptic,
https://blog.flipsnack.com/best-brochure-design-software/,blog.flipsnack.com,vendor,1,0,1,problem-led,
https://blog.flipsnack.com/best-digital-publishing-platforms/,blog.flipsnack.com,vendor,1,0,1,best-of,
https://blog.flipsnack.com/best-flipbook-software-on-the-market/,blog.flipsnack.com,vendor,1,0,1,best-of,
https://blog.flipsnack.com/boost-your-sales-by-using-catalog-integration-with-shopify/,blog.flipsnack.com,vendor,1,0,1,comparison,
https://blog.flipsnack.com/digital-accessibility-in-hospitality/,blog.flipsnack.com,vendor,1,0,1,problem-led,
https://blog.flipsnack.com/examples-of-digital-catalogs/,blog.flipsnack.com,vendor,1,0,1,skeptic,
https://blog.flipsnack.com/flippingbook-alternatives/,blog.flipsnack.com,comparison,1,0,1,naive,
https://blog.flipsnack.com/flipsnack-integrations/,blog.flipsnack.com,vendor,1,0,1,comparison,
https://blog.flipsnack.com/guide-to-product-catalogs-and-best-practices/,blog.flipsnack.com,vendor,1,0,1,alternatives,
https://blog.flipsnack.com/how-to-make-accessible-flipbooks/,blog.flipsnack.com,vendor,1,0,1,naive,
https://blog.flipsnack.com/product-catalogs-key-features/,blog.flipsnack.com,vendor,1,0,1,comparison,
https://blog.flipsnack.com/the-best-product-catalog-templates-for-your-business/,blog.flipsnack.com,vendor,1,0,1,skeptic,
https://blog.flipsnack.com/wholesale-catalogs-in-the-digital-age-everything-you-need-to-know/,blog.flipsnack.com,vendor,1,0,1,skeptic,
https://blog.joomag.com/10-signs-its-time-to-move-beyond-traditional-flipbooks,blog.joomag.com,vendor,1,0,1,naive,
https://blog.joomag.com/unlock-the-power-of-interactive-flipbooks-in-2026,blog.joomag.com,vendor,1,0,1,naive,
https://blog.visual-paradigm.com/how-to-update-your-pdf-flipbook-without-changing-its-url/,blog.visual-paradigm.com,vendor,1,0,1,problem-led,
https://business.adobe.com/blog/adobe-named-leader-2026-gartner-magic-quadrant-content-marketing-platforms,business.adobe.com,vendor,1,0,1,best-of,
https://business.adobe.com/resources/reports/gartner-mq-content-marketing-platforms-2026.html,business.adobe.com,vendor,1,0,1,best-of,
https://business.google.com/en-all/think/,business.google.com,publication,1,0,1,naive,
https://business.google.com/us/think/consumer-insights/digital-marketing-trends-2026/,business.google.com,publication,1,0,1,naive,
https://business.google.com/us/think/future-of-marketing/marketing-predictions-guide-2026/,business.google.com,publication,1,0,1,naive,
https://business.instagram.com/login/fb_iframe_target/,business.instagram.com,vendor,1,0,1,skeptic,
https://ca.pcmag.com/web-hosting/438/the-best-free-website-builders,ca.pcmag.com,listicle,1,0,1,naive,
https://catalog.update.microsoft.com/home.aspx,catalog.update.microsoft.com,vendor,1,0,1,problem-led,
https://catalogs.deversity.net/en/competitors/ipaper,catalogs.deversity.net,comparison,1,0,1,alternatives,
https://cdn.heyzine.com/files/uploaded/096552d79b265a773bc872c1073a257afe38e1b9.pdf,cdn.heyzine.com,vendor,1,0,1,problem-led,
https://cdnc.heyzine.com/flip-book/pdf/035774dc25acd144ada88cc42401ac7067488b8f-41.pdf,cdnc.heyzine.com,vendor,1,0,1,problem-led,
https://cdnc.heyzine.com/flipbook/,cdnc.heyzine.com,vendor,1,0,1,problem-led,
https://cms.flipbuilder.com/extension/mobile-catalog-maker.html,cms.flipbuilder.com,vendor,1,0,1,problem-led,
https://commercemarketplace.adobe.com/meetanshi-magento-2-pdf-catalog.html,commercemarketplace.adobe.com,marketplace,1,0,1,problem-led,
https://community.adobe.com/t5/acrobat-discussions/just-wondering-how-to-make-pdf-pictures-clickable-link/m-p/13573121,community.adobe.com,forum,1,0,1,problem-led,
https://community.adobe.com/t5/adobe-acrobat-online-discussions/how-do-i-create-a-clickable-contents-page-in-an-existing-pdf-document/m-p/12452211,community.adobe.com,forum,1,0,1,problem-led,
https://crozdesk.com/,crozdesk.com,review-site,1,0,1,problem-led,
https://crozdesk.com/browse,crozdesk.com,review-site,1,0,1,problem-led,
https://crozdesk.com/industry-specific/logistics-software,crozdesk.com,review-site,1,0,1,problem-led,
https://crozdesk.com/it/ecommerce-solutions-software/f/multi-channel-ecommerce-software,crozdesk.com,review-site,1,0,1,problem-led,
https://crozdesk.com/operations-management/erp-software,crozdesk.com,review-site,1,0,1,problem-led,
https://crozdesk.com/operations-management/project-scheduling,crozdesk.com,review-site,1,0,1,problem-led,
https://crozdesk.com/software/flipcause/pricing,crozdesk.com,review-site,1,0,1,alternatives,
https://crozdesk.com/software/flippingbook,crozdesk.com,review-site,1,0,1,alternatives,
https://crozdesk.com/software/flipsnack/pricing,crozdesk.com,review-site,1,0,1,alternatives,
https://crozdesk.com/software/gempages/pricing,crozdesk.com,review-site,1,0,1,alternatives,
https://crozdesk.com/software/intelli-catalog,crozdesk.com,review-site,1,0,1,problem-led,
https://custom-domain.publitas.com/blog/3-ways-to-boost-conversion-rates-with-digital-catalogs/,custom-domain.publitas.com,vendor,1,0,1,skeptic,
https://dataintelo.com/report/global-flipbook-software-market,dataintelo.com,publication,1,0,1,naive,
https://datarelocate.com/shared-link-migration/,datarelocate.com,vendor,1,0,1,problem-led,
https://dcatalog.com/,dcatalog.com,vendor,1,0,1,problem-led,
https://dcatalog.com/accessibility-in-dcatalog-digital-editions/,dcatalog.com,vendor,1,0,1,naive,
https://dcatalog.com/catalog-automation/,dcatalog.com,vendor,1,0,1,problem-led,
https://developers.google.com/analytics/,developers.google.com,vendor,1,0,1,problem-led,
https://developers.google.com/analytics/devguides/collection/protocol/ga4/reference,developers.google.com,vendor,1,0,1,problem-led,
https://developers.google.com/data-manager/api/reference/analytics/recommended-events,developers.google.com,vendor,1,0,1,problem-led,
https://developers.google.com/tag-platform/tag-manager/server-side/ads-setup,developers.google.com,vendor,1,0,1,problem-led,
https://developers.publitas.com/docs/rest-v2.html,developers.publitas.com,vendor,1,0,1,problem-led,
https://elearning.adobe.com/2025/08/inclusive-interactive-ebooks-a-guide-to-accessible-elearning/,elearning.adobe.com,vendor,1,0,1,problem-led,
https://evergreen-custom.publitas.com/about-us/,evergreen-custom.publitas.com,vendor,1,0,1,skeptic,
https://evergreen-custom.publitas.com/blog/5-hidden-tricks-every-publitas-user-should-know-about/,evergreen-custom.publitas.com,vendor,1,0,1,skeptic,
https://experienceleague.adobe.com/en/browse/experience-platform,experienceleague.adobe.com,vendor,1,0,1,best-of,
https://experienceleague.adobe.com/en/docs/dynamic-media-classic/using/ecatalogs/creating-ecatalog,experienceleague.adobe.com,vendor,1,0,1,problem-led,
https://experienceleague.adobe.com/en/docs/experience-manager-65/content/sites/authoring/siteandpage/creating-accessible-content,experienceleague.adobe.com,vendor,1,0,1,problem-led,
https://experienceleague.adobe.com/en/docs/experience-manager-cloud-service/content/assets/accessibility,experienceleague.adobe.com,vendor,1,0,1,problem-led,
https://experienceleague.adobe.com/en/docs/experience-manager-cloud-service/content/sites/authoring/page-editor/accessible-content,experienceleague.adobe.com,vendor,1,0,1,problem-led,
https://experienceleague.adobe.com/en/docs/experience-platform/accessibility/home,experienceleague.adobe.com,vendor,1,0,1,problem-led,
https://findstack.com/software/content-experience-platforms,findstack.com,listicle,1,0,1,best-of,
https://flipbook.so/interactive-pdf,flipbook.so,vendor,1,0,1,problem-led,
https://flipebooks.com/en/blog/is-issuu-free,flipebooks.com,vendor,1,0,1,alternatives,
https://flipebooks.com/en/blog/issuu-pricing-2026-what-changed-and-alternatives,flipebooks.com,comparison,1,0,1,alternatives,
https://flipebooks.com/en/blog/wcag-2-1-aa-compliance-complete-guide,flipebooks.com,vendor,1,0,1,naive,
https://fliphtml5.com/blog/10-free-online-catalog-generators-pdfs/,fliphtml5.com,vendor,1,0,1,naive,
https://fliphtml5.com/blog/8-best-free-product-catalog-management-software/,fliphtml5.com,vendor,1,0,1,problem-led,
https://fliphtml5.com/blog/free-ai-product-pdf-catalog-creators-for-modern-e-commerce-businesses/,fliphtml5.com,vendor,1,0,1,naive,
https://fliphtml5.com/blog/free-flipbook-maker/,fliphtml5.com,vendor,1,0,1,naive,
https://fliphtml5.com/blog/heyzine-vs-issuu-which-flipbook-maker-is-better-for-you/,fliphtml5.com,comparison,1,0,1,alternatives,
https://fliphtml5.com/blog/how-to-create-online-catalog-from-pdf-for-free-distribution/,fliphtml5.com,vendor,1,0,1,naive,
https://fliphtml5.com/blog/online-html5-flip-catalog-maker-convert-pdf-to-interactive-catalog/,fliphtml5.com,vendor,1,0,1,problem-led,
https://fliphtml5.com/blog/solution-electronic-catalog/,fliphtml5.com,vendor,1,0,1,problem-led,
https://fliphtml5.com/blog/website-like-issuu-try-this-free-alternative-for-html5-digital-publishing/,fliphtml5.com,comparison,1,0,1,alternatives,
https://fliphtml5.com/features/catalog/,fliphtml5.com,vendor,1,0,1,problem-led,
https://fliphtml5.com/guide/how-to/catalog-maker-digital-catalogs/,fliphtml5.com,vendor,1,0,1,problem-led,
https://fliphtml5.com/guide/how-to/interactive-digital-catalog/,fliphtml5.com,vendor,1,0,1,naive,
https://fliphtml5.com/guide/tools/fliphtml5-vs-catalog-machine/,fliphtml5.com,comparison,1,0,1,problem-led,
https://fliphtml5.com/hkjlbu/sdoe/What_are_the_Digital_Marketing_Trends_for_2025/,fliphtml5.com,vendor,1,0,1,naive,
https://fliphtml5.com/wpkug/2026-Retail-Catalog/2026_Retail_Catalog_Digital/,fliphtml5.com,vendor,1,0,1,skeptic,
https://fliphtml5.com/wpkug/2026-Retail-Catalog/2026_Retail_Catalog_Digital/1/,fliphtml5.com,vendor,1,0,1,skeptic,
https://fliplink.me/,fliplink.me,vendor,1,0,1,problem-led,
https://fliplink.me/blog/how-to-replace-pdf-without-changing-link,fliplink.me,vendor,1,0,1,problem-led,
https://fliplink.me/blog/issuu-alternatives,fliplink.me,comparison,1,0,1,alternatives,
https://flipora.in/blog/flipbook-accessibility-guide,flipora.in,vendor,1,0,1,naive,
https://flippingbook.com/blog/guides/turning-pdf-into-ada-compliant-flipbook,flippingbook.com,vendor,1,0,1,naive,
https://flippingbook.com/blog/marketing-tips/best-issuu-alternatives-to-switch-to,flippingbook.com,comparison,1,0,1,alternatives,
https://flippingbook.com/blog/marketing-tips/top-best-online-flipbook-makers,flippingbook.com,vendor,1,0,1,best-of,
https://flippingbook.com/help,flippingbook.com,vendor,1,0,1,problem-led,
https://flippingbook.com/help/online,flippingbook.com,vendor,1,0,1,problem-led,
https://flippingbook.com/help/online/changing-your-publication/content-editor-advanced,flippingbook.com,vendor,1,0,1,problem-led,
https://flippingbook.com/help/online/changing-your-publication/shift-content,flippingbook.com,vendor,1,0,1,problem-led,
https://flippingbook.com/help/online/how-to-create-links-using-fbo,flippingbook.com,vendor,1,0,1,problem-led,
https://flippingbook.com/interactive-pdf,flippingbook.com,vendor,1,0,1,problem-led,
https://flippingbook.com/online-publishing-service,flippingbook.com,vendor,1,0,1,problem-led,
https://flippingbook.com/pdf-online,flippingbook.com,vendor,1,0,1,problem-led,
https://flowpaper.com/Add-Links-to-Your-Flipbook/,flowpaper.com,vendor,1,0,1,problem-led,
https://flowpaper.com/catalog-maker/,flowpaper.com,vendor,1,0,1,problem-led,
https://flowpaper.com/features/,flowpaper.com,vendor,1,0,1,problem-led,
https://gitnux.org/best/b2b-catalog-software/,gitnux.org,listicle,1,0,1,problem-led,
https://gitnux.org/best/digital-catalog-software/,gitnux.org,listicle,1,0,1,alternatives,
https://gitnux.org/best/electronic-catalog-software/,gitnux.org,listicle,1,0,1,alternatives,
https://gitnux.org/best/flipbooks-software/,gitnux.org,listicle,1,0,1,naive,
https://help.flipsnack.com/en/appearance-customization-options,help.flipsnack.com,vendor,1,0,1,naive,
https://help.flipsnack.com/en/articles/107451-making-a-purchase,help.flipsnack.com,vendor,1,0,1,alternatives,
https://help.flipsnack.com/en/articles/1994946-adding-links-to-a-flipbook,help.flipsnack.com,vendor,1,0,1,problem-led,
https://help.flipsnack.com/en/articles/2707301-publishing-options,help.flipsnack.com,vendor,1,0,1,naive,
https://help.flipsnack.com/en/create-customize,help.flipsnack.com,vendor,1,0,1,naive,
https://help.flipsnack.com/en/create-customize?hsLang=en,help.flipsnack.com,vendor,1,0,1,naive,
https://help.flipsnack.com/en/how-to-translate-your-entire-flipbook-or-specific-text-boxes-with-ai,help.flipsnack.com,vendor,1,0,1,naive,
https://help.flipsnack.com/en/improve-your-digital-catalog-creation-in-flipsnack-with-automation,help.flipsnack.com,vendor,1,0,1,comparison,
https://help.flipsnack.com/en/menu-controls-customization-options,help.flipsnack.com,vendor,1,0,1,naive,
https://help.issuu.com/hc/en-us/articles/30527075426971-New-plans-and-pricing-structure-October-2024,help.issuu.com,vendor,1,0,1,alternatives,
https://help.issuu.com/hc/en-us/articles/34628546223387-Understanding-Issuu-s-subscription-plans-and-features,help.issuu.com,vendor,1,0,1,alternatives,
https://help.issuu.com/hc/en-us/articles/44727053766171-Accessibility-at-Issuu,help.issuu.com,vendor,1,0,1,naive,
https://help.shopify.com/,help.shopify.com,vendor,1,0,1,problem-led,
https://help.shopify.com/en/manual/products,help.shopify.com,vendor,1,0,1,problem-led,
https://help.shopify.com/en/manual/products/details,help.shopify.com,vendor,1,0,1,problem-led,
https://help.shopify.com/en/manual/shopify-catalog,help.shopify.com,vendor,1,0,1,problem-led,
https://help.shopify.com/en/manual/shopify-flow/reference/actions/add-product-tags,help.shopify.com,vendor,1,0,1,problem-led,
https://helpx.adobe.com/acrobat/desktop/edit-documents/use-links-and-attachments/link-destinations.html,helpx.adobe.com,vendor,1,0,1,problem-led,
https://helpx.adobe.com/acrobat/desktop/edit-documents/use-links-and-attachments/manage-destinations.html,helpx.adobe.com,vendor,1,0,1,problem-led,
https://helpx.adobe.com/acrobat/kb/link-html-pdf-page-acrobat.html,helpx.adobe.com,vendor,1,0,1,problem-led,
https://helpx.adobe.com/acrobat/using/create-verify-pdf-accessibility.html,helpx.adobe.com,vendor,1,0,1,problem-led,
https://helpx.adobe.com/acrobat/web/share-review-and-export/share-documents/share-via-links.html,helpx.adobe.com,vendor,1,0,1,problem-led,
https://helpx.adobe.com/acrobat/web/use-acrobat-extensions/share-pdf-links.html,helpx.adobe.com,vendor,1,0,1,problem-led,
https://helpx.adobe.com/captivate/help/creating-accessible-projects-captivate.html,helpx.adobe.com,vendor,1,0,1,problem-led,
https://helpx.adobe.com/indesign/desktop/interactive-elements-and-forms/forms-and-pdfs/accessible-pdfs.html,helpx.adobe.com,vendor,1,0,1,problem-led,
https://helpx.adobe.com/reader/desktop.html,helpx.adobe.com,vendor,1,0,1,problem-led,
https://heyzine.com/faq,heyzine.com,vendor,1,0,1,naive,
https://heyzine.com/feature/canva-flipbook,heyzine.com,vendor,1,0,1,naive,
https://heyzine.com/flip-book/4dfc422f77.html,heyzine.com,vendor,1,0,1,naive,
https://heyzine.com/flip-book/5a8115d94c.html,heyzine.com,vendor,1,0,1,problem-led,
https://heyzine.com/flip-book/a834e198be.html,heyzine.com,vendor,1,0,1,problem-led,
https://heyzine.com/flip-book/ccccf66db3.html,heyzine.com,vendor,1,0,1,naive,
https://heyzine.com/flip-book/ded76b53fe.html,heyzine.com,vendor,1,0,1,problem-led,
https://heyzine.com/how-to/,heyzine.com,vendor,1,0,1,problem-led,
https://investor.forrester.com/news-releases/news-release-details/forresters-2026-b2c-marketing-cx-digital-business-predictions,investor.forrester.com,publication,1,0,1,best-of,
https://ispringhelpdocs.com/ispring-flip/section-508-compliant-flipbooks-28052010.html,ispringhelpdocs.com,vendor,1,0,1,naive,
https://issuu.com/6connex/docs/delivering_508_and_ada_compliance_final_v.1.0,issuu.com,vendor,1,0,1,problem-led,
https://issuu.com/?price=FREE,issuu.com,vendor,1,0,1,alternatives,
https://issuu.com/carrylindsay/docs/mobile_app_accessibility_how_to_build_ada_and_wca,issuu.com,vendor,1,0,1,problem-led,
https://issuu.com/connectainnovation/docs/dfm_-_august_2024_magazine_issuu_format_version_1,issuu.com,vendor,1,0,1,naive,
https://issuu.com/connectainnovation/docs/dfm_-_march_2024_magazine_issuu_format_version_1,issuu.com,vendor,1,0,1,naive,
https://issuu.com/digital-innovation/docs/di_issue64,issuu.com,vendor,1,0,1,naive,
https://issuu.com/educationalinsights/docs/2026_lr_ei_h2m_catalog_with_prices,issuu.com,vendor,1,0,1,best-of,
https://issuu.com/elearningsolutionsacadecraft/docs/website_accessibility_solutions_ensuring_inclusive,issuu.com,vendor,1,0,1,naive,
https://issuu.com/essentialaccessibility21/docs/essential-accessibility-vpat-final,issuu.com,vendor,1,0,1,naive,
https://issuu.com/fbl-law/docs/is_your_website_ada_compliant/3,issuu.com,vendor,1,0,1,problem-led,
https://issuu.com/features/digital-sales,issuu.com,vendor,1,0,1,alternatives,
https://issuu.com/features/flipbook,issuu.com,vendor,1,0,1,best-of,
https://issuu.com/issuu,issuu.com,vendor,1,0,1,alternatives,
https://issuu.com/issuu/docs/how_to_create_a_catalog_with_issuu/s/12829202,issuu.com,vendor,1,0,1,naive,
https://issuu.com/learning-solutions/docs/accessibility_testing_services_ensuring_digital_ac,issuu.com,vendor,1,0,1,naive,
https://issuu.com/omnisource/docs/2026_catalog_-_retail_brands,issuu.com,vendor,1,0,1,best-of,
https://issuu.com/pricing,issuu.com,vendor,1,0,1,alternatives,
https://issuu.com/seesawlearning/docs/seesaw_accessibility_conformance_report,issuu.com,vendor,1,0,1,problem-led,
https://issuu.com/solutions/fashion/digital-lookbook,issuu.com,vendor,1,0,1,problem-led,
https://issuu.com/solutions/publishing,issuu.com,vendor,1,0,1,alternatives,
https://issuu.com/solutions/publishing/digital-magazine,issuu.com,vendor,1,0,1,naive,
https://issuu.com/thelinkco/docs/now_designs_catalog_spring_summer_2026,issuu.com,vendor,1,0,1,best-of,
https://issuu.com/trendspublishing/docs/trends_jan25_e-mag?fr=sNmU3YTY2MzM1MDY,issuu.com,vendor,1,0,1,naive,
https://kindlepreneur.com/best-flipbook-software/,kindlepreneur.com,listicle,1,0,1,naive,
https://league.adobe.com/docs/experience-manager-65-lts/content/sites/authoring/siteandpage/creating-accessible-content.html?lang=en,league.adobe.com,vendor,1,0,1,problem-led,
https://learn.g2.com/best-e-merchandising-software,learn.g2.com,listicle,1,0,1,problem-led,
https://learn.g2.com/free-slideshow-maker,learn.g2.com,listicle,1,0,1,naive,
https://lp.accessibe.com/ada-title-ii-government-agencies-vendors,lp.accessibe.com,vendor,1,0,1,problem-led,
https://mail.pubhtml5.com/pricing.php,mail.pubhtml5.com,vendor,1,0,1,alternatives,
https://me.pcmag.com/en/ai/36470/i-tested-the-top-nsfw-ai-image-generators-these-are-the-5-best?p=1,me.pcmag.com,listicle,1,0,1,naive,
https://me.pcmag.com/en/gallery/33552/the-best-of-the-year-the-top-tech-products-and-services-for-2025?p=1,me.pcmag.com,listicle,1,0,1,naive,
https://media.toolsinfo.com/tool/anyflip,media.toolsinfo.com,other,1,0,1,alternatives,
https://new.publuu.com/,new.publuu.com,vendor,1,0,1,problem-led,
https://online.fliphtml5.com/doxlu/xkjj/,online.fliphtml5.com,vendor,1,0,1,problem-led,
https://online.fliphtml5.com/pingelonlinecatalog/lotl/,online.fliphtml5.com,vendor,1,0,1,problem-led,
https://online.fliphtml5.com/pizds/Technology-Catalogue/,online.fliphtml5.com,other,1,0,1,problem-led,
https://online.fliphtml5.com/snxys/tpiq/,online.fliphtml5.com,vendor,1,0,1,alternatives,
https://online.fliphtml5.com/squadlocker/SquadLocker-2026-Catalog/,online.fliphtml5.com,other,1,0,1,problem-led,
https://online.fliphtml5.com/tjdxt/Retail-Catalog-2026s/,online.fliphtml5.com,vendor,1,0,1,skeptic,
https://online.fliphtml5.com/vhisl/jwyu/,online.fliphtml5.com,vendor,1,0,1,alternatives,
https://online.fliphtml5.com/wpkug/2026-Retail-Catalog/,online.fliphtml5.com,vendor,1,0,1,skeptic,
https://online.fliphtml5.com/wvufl/vphq/,online.fliphtml5.com,other,1,0,1,problem-led,
https://online.pubhtml5.com/?do=register,online.pubhtml5.com,vendor,1,0,1,alternatives,
https://pimcore.com/en/products/digital-experience-platform/flexible-business-models,pimcore.com,vendor,1,0,1,problem-led,
https://pimcore.com/en/products/e-commerce-framework,pimcore.com,vendor,1,0,1,problem-led,
https://pimcore.com/en/products/product-information-management/automation,pimcore.com,vendor,1,0,1,problem-led,
https://pimcore.com/en/resources/insights/pim-ecommerce-integration,pimcore.com,vendor,1,0,1,problem-led,
https://pmarketresearch.com/worldwide-flipbook-software-market-research/,pmarketresearch.com,publication,1,0,1,naive,
https://pubhtml5.com/,pubhtml5.com,vendor,1,0,1,alternatives,
https://pubhtml5.com/digital-publishing-software,pubhtml5.com,vendor,1,0,1,alternatives,
https://publuu.com/custom-flipbook/,publuu.com,vendor,1,0,1,naive,
https://publuu.com/flip-book/1043755/2479033,publuu.com,vendor,1,0,1,skeptic,
https://publuu.com/help/,publuu.com,vendor,1,0,1,problem-led,
https://publuu.com/help/how-to-create-a-free-account/,publuu.com,vendor,1,0,1,naive,
https://publuu.com/knowledge-base/category-catalogs/,publuu.com,vendor,1,0,1,skeptic,
https://publuu.com/knowledge-base/ecommerce-catalog-guide/,publuu.com,vendor,1,0,1,naive,
https://publuu.com/pdf-page-flip-effect/,publuu.com,vendor,1,0,1,problem-led,
https://reader.scribd.com/,reader.scribd.com,other,1,0,1,naive,
https://reader.scribd.com/docs,reader.scribd.com,other,1,0,1,naive,
https://returnonnow.com/wp-content/uploads/2025/01/Digital-Marketing-Toolkit-2025.pdf,returnonnow.com,other,1,0,1,naive,
https://softwarefinder.com/ecommerce-software/ipaper/alternatives,softwarefinder.com,comparison,1,0,1,alternatives,
https://sourceforge.net/software/catalog-management/,sourceforge.net,review-site,1,0,1,problem-led,
https://sourceforge.net/software/content-experience/,sourceforge.net,review-site,1,0,1,best-of,
https://sourceforge.net/software/product/Issuu/alternatives,sourceforge.net,review-site,1,0,1,alternatives,
https://startupog.com/issuu-alternatives,startupog.com,comparison,1,0,1,alternatives,
https://storyteq.com/guide/2026-gartner-magic-quadrant-for-content-marketing-platforms/,storyteq.com,vendor,1,0,1,best-of,
https://support.apple.com/accessibility,support.apple.com,vendor,1,0,1,naive,
https://support.apple.com/en-ca/guide/mac-help/-mh43185/mac,support.apple.com,vendor,1,0,1,naive,
https://support.apple.com/en-us/121825,support.apple.com,vendor,1,0,1,naive,
https://support.apple.com/guide/apple-vision-pro/get-started-with-accessibility-features-tan426c48bdc/visionos,support.apple.com,vendor,1,0,1,naive,
https://support.apple.com/guide/iphone/get-started-with-accessibility-features-iph3e2e4367/ios,support.apple.com,vendor,1,0,1,naive,
https://support.apple.com/guide/mac-help/get-started-mh35884/mac,support.apple.com,vendor,1,0,1,naive,
https://support.apple.com/guide/macbook-air/get-started-with-accessibility-features-apd4c143b3c5/mac,support.apple.com,vendor,1,0,1,naive,
https://support.fliphtml5.com/en/articles/15967406-understanding-flipbook-plan-and-ai-plus-plan,support.fliphtml5.com,vendor,1,0,1,naive,
https://support.fliphtml5.com/en/articles/7990330-subscription-and-billing-flipbook-pricing,support.fliphtml5.com,vendor,1,0,1,naive,
https://support.fliphtml5.com/en/collections/11322714-accessibility,support.fliphtml5.com,vendor,1,0,1,problem-led,
https://support.google.com/analytics/answer/12216232?hl=en-419,support.google.com,vendor,1,0,1,problem-led,
https://support.google.com/analytics/answer/12229021?hl=en,support.google.com,vendor,1,0,1,problem-led,
https://support.google.com/analytics/answer/12924131?hl=en,support.google.com,vendor,1,0,1,problem-led,
https://support.google.com/analytics/answer/13428834?hl=en,support.google.com,vendor,1,0,1,problem-led,
https://support.google.com/analytics/answer/14143583?hl=en,support.google.com,vendor,1,0,1,problem-led,
https://support.google.com/analytics/answer/14430645?hl=en-419,support.google.com,vendor,1,0,1,problem-led,
https://support.google.com/analytics/answer/14434488?hl=en-419,support.google.com,vendor,1,0,1,problem-led,
https://support.google.com/analytics/answer/14710559?hl=en,support.google.com,vendor,1,0,1,problem-led,
https://support.google.com/analytics/answer/9216061?hl=en,support.google.com,vendor,1,0,1,problem-led,
https://support.picupmedia.com/managing-and-customizing-share-link,support.picupmedia.com,vendor,1,0,1,problem-led,
https://support.publitas.com/automate-content-creation-with-annotation-based-tagging,support.publitas.com,vendor,1,0,1,skeptic,
https://support.publitas.com/e-commerce-product-feeds/managing-product-details,support.publitas.com,vendor,1,0,1,skeptic,
https://support.publitas.com/exporting-publications-to-pdf,support.publitas.com,vendor,1,0,1,problem-led,
https://support.publitas.com/ga4-setting-up-google-analytics-tracking-in-publitas,support.publitas.com,vendor,1,0,1,skeptic,
https://support.publitas.com/managing-publications,support.publitas.com,vendor,1,0,1,problem-led,
https://support.publitas.com/publication-analytics,support.publitas.com,vendor,1,0,1,skeptic,
https://support.publitas.com/tutorials-and-webinars,support.publitas.com,vendor,1,0,1,comparison,
https://support.publitas.com/using-publitas-interactive,support.publitas.com,vendor,1,0,1,comparison,
https://support.syncplicity.com/hc/en-us/articles/13505930359949-Preserve-shared-links,support.syncplicity.com,vendor,1,0,1,problem-led,
https://techlasi.com/savvy/windows-update-catalog-guide/,techlasi.com,publication,1,0,1,problem-led,
https://technologycounter.com/products/ipaper/alternatives,technologycounter.com,comparison,1,0,1,alternatives,
https://testing.publitas.com/digital-catalog/,testing.publitas.com,vendor,1,0,1,skeptic,
https://testing.publitas.com/interactive-media-shoppable-images-and-videos/,testing.publitas.com,vendor,1,0,1,skeptic,
https://theretailexec.com/tools/best-catalog-management-software/,theretailexec.com,listicle,1,0,1,problem-led,
https://topbusinesssoftware.com/categories/catalog-management/,topbusinesssoftware.com,review-site,1,0,1,problem-led,
https://topbusinesssoftware.com/categories/content-experience/,topbusinesssoftware.com,review-site,1,0,1,best-of,
https://topbusinesssoftware.com/products/iPaper/alternatives,topbusinesssoftware.com,comparison,1,0,1,alternatives,
https://trends.google.com/explore,trends.google.com,other,1,0,1,naive,
https://trends.google.com/trending,trends.google.com,other,1,0,1,naive,
https://trends.google.com/trends/,trends.google.com,other,1,0,1,naive,
https://trends.google.com/trends/explore,trends.google.com,other,1,0,1,naive,
https://uk.pcmag.com/antivirus/120817/the-best-free-antivirus-protection,uk.pcmag.com,listicle,1,0,1,naive,
https://uk.pcmag.com/web-hosting/138643/the-best-free-website-builders,uk.pcmag.com,listicle,1,0,1,naive,
https://vendorland.com/company/datacrafts-io,vendorland.com,other,1,0,1,naive,
https://vendorland.com/company/dot-it,vendorland.com,other,1,0,1,naive,
https://view.publitas.com/ecomm-tracker,view.publitas.com,vendor,1,0,1,skeptic,
https://view.publitas.com/f29944d8-d0b8-4170-b7a3-3ff0805df5c3/productcatalog_vol26may2026/page/1,view.publitas.com,vendor,1,0,1,best-of,
https://view.publitas.com/p222-16876/catalog_/page/1,view.publitas.com,vendor,1,0,1,skeptic,
https://view.publitas.com/p222gg/the-catalogue/page/1,view.publitas.com,vendor,1,0,1,skeptic,
https://webflow.com/accessibility,webflow.com,vendor,1,0,1,naive,
https://webflow.com/blog/accessibility-design-guidelines,webflow.com,vendor,1,0,1,naive,
https://webflow.com/libraries/detail/accessible-components,webflow.com,vendor,1,0,1,naive,
https://webflow.com/made-in-webflow/accessible%20pdf,webflow.com,vendor,1,0,1,naive,
https://webflow.com/made-in-webflow/flipbook,webflow.com,vendor,1,0,1,naive,
https://webflow.com/made-in-webflow/flipbook?cloneable=true,webflow.com,vendor,1,0,1,naive,
https://webflow.com/made-in-webflow/wcag,webflow.com,vendor,1,0,1,naive,
https://whitecap.dcatalog.com/v/Full-Line-Catalog/?page=1,whitecap.dcatalog.com,other,1,0,1,problem-led,
https://wifitalents.com/best/digital-experience-platform-software/,wifitalents.com,listicle,1,0,1,best-of,
https://windowsforum.com/windows-news.4/mastering-the-microsoft-update-catalog-for-safe-offline-windows-updates.388080/,windowsforum.com,publication,1,0,1,problem-led,
https://windowsreport.com/microsoft-update-catalog-guide/,windowsreport.com,publication,1,0,1,problem-led,
https://worldmetrics.org/best/catalog-making-software/,worldmetrics.org,listicle,1,0,1,alternatives,
https://worldmetrics.org/best/catalog-management-software/,worldmetrics.org,listicle,1,0,1,problem-led,
https://worldmetrics.org/best/catalogue-management-software/,worldmetrics.org,listicle,1,0,1,problem-led,
https://worldmetrics.org/best/content-experience-software/,worldmetrics.org,listicle,1,0,1,best-of,
https://worldmetrics.org/best/digital-catalogue-software/,worldmetrics.org,listicle,1,0,1,alternatives,
https://worldmetrics.org/best/product-catalog-management-software/,worldmetrics.org,listicle,1,0,1,problem-led,
https://www.3dissue.com/ereplication-flipbooks-in-2026-why-publishers-still-need-page-fidelity/,3dissue.com,vendor,1,0,1,naive,
https://www.3dissue.com/wcag-in-practice-how-editors-can-publish-accessible-flipbooks-and-responsive-mags/,3dissue.com,vendor,1,0,1,naive,
https://www.accellis.com/understanding-the-microsoft-update-catalog-a-must-know-for-it-professionals/,accellis.com,publication,1,0,1,problem-led,
https://www.accio.com/business/best-selling-flip-book,accio.com,listicle,1,0,1,naive,
https://www.accio.com/business/digital_marketing_trends_pdf,accio.com,publication,1,0,1,naive,
https://www.adobe.com/acrobat/resources/how-to-add-hyperlink-to-pdf.html,adobe.com,vendor,1,0,1,problem-led,
https://www.adobe.com/au/acrobat/roc/blog/how-to-make-interactive-pdf.html,adobe.com,vendor,1,0,1,problem-led,
https://www.adobe.com/learn/indesign/web/indesign-create-interactive-pdf,adobe.com,vendor,1,0,1,problem-led,
https://www.adobe.com/trust/accessibility.html,adobe.com,vendor,1,0,1,problem-led,
https://www.adobe.com/trust/compliance/compliance-list.html,adobe.com,vendor,1,0,1,problem-led,
https://www.adobe.com/uk/learn/indesign/web/indesign-create-interactive-pdf,adobe.com,vendor,1,0,1,problem-led,
https://www.capterra.com/compare/212526-214310/Issuu-vs-Publuu,capterra.com,comparison,1,0,1,alternatives,
https://www.capterra.com/data-catalog-software/,capterra.com,review-site,1,0,1,best-of,
https://www.capterra.com/mobile-marketing-software/,capterra.com,review-site,1,0,1,problem-led,
https://www.capterra.com/multi-channel-ecommerce-software/,capterra.com,review-site,1,0,1,problem-led,
https://www.capterra.com/p/10035745/Catalogy/,capterra.com,review-site,1,0,1,problem-led,
https://www.capterra.com/p/10052605/MyKiosk/,capterra.com,review-site,1,0,1,problem-led,
https://www.capterra.com/p/148417/DCatalog/alternatives/,capterra.com,comparison,1,0,1,problem-led,
https://www.capterra.com/p/202617/FlipHTML5/pricing/,capterra.com,review-site,1,0,1,naive,
https://www.capterra.com/retail-pos-system-software/,capterra.com,review-site,1,0,1,problem-led,
https://www.capterra.com/scheduling-software/,capterra.com,review-site,1,0,1,problem-led,
https://www.catalog.update.microsoft.com/Support.aspx,catalog.update.microsoft.com,vendor,1,0,1,problem-led,
https://www.catalogy.com/blog/the-best-digital-catalog-software-buyers-guide,catalogy.com,listicle,1,0,1,problem-led,
https://www.clickpost.ai/blog/catalog-management-software,clickpost.ai,listicle,1,0,1,problem-led,
https://www.datainsightsmarket.com/reports/flipbook-software-1371202,datainsightsmarket.com,publication,1,0,1,naive,
https://www.facebook.com/D.A.ConsortiumTaiwan/posts/%E6%95%B8%E4%BD%8D%E6%96%B0%E7%9F%A5facebook-shops-instagram-shops-%E5%8F%B0%E7%81%A3%E6%AD%A3%E5%BC%8F%E5%95%9F%E7%94%A8-2020%E5%B9%B4%E5%9B%A0%E6%87%89%E6%96%B0%E5%86%A0%E7%96%AB%E6%83%85%E8%A8%B1%E5%A4%9A%E4%BC%81%E6%A5%AD%E9%83%BD%E5%8F%97%E5%88%B0%E4%BA%86%E8%A1%9D%E6%93%8A%E7%82%BA%E4%BA%86%E5%8D%94%E5%8A%A9%E4%BC%81%E6%A5%AD%E8%BD%89%E5%9E%8Bfacebook%E6%8E%A8/2677232622588045/,facebook.com,other,1,0,1,skeptic,
https://www.facebook.com/groups/552588684141929/posts/920569507343843/,facebook.com,forum,1,0,1,skeptic,
https://www.facebook.com/help/instagram/2022466637835789/help.instagram.com/help.instagram.com/help.instagram.com/291419194746547/,facebook.com,vendor,1,0,1,skeptic,
https://www.facebook.com/help/instagram/267519988401613/,facebook.com,vendor,1,0,1,skeptic,
https://www.flipbookshare.com/guides/flipbook-vs-pdf,flipbookshare.com,comparison,1,0,1,naive,
https://www.flipbuilder.com/extension/adobe-catalog-maker.html,flipbuilder.com,vendor,1,0,1,problem-led,
https://www.flipbuilder.com/extension/catalog-maker-app.html,flipbuilder.com,vendor,1,0,1,problem-led,
https://www.fliphtml5.com/features/embed?id=works_everywhere,fliphtml5.com,vendor,1,0,1,naive,
https://www.fliphtml5.com/features/templates/,fliphtml5.com,vendor,1,0,1,naive,
https://www.fliphtml5.com/help/Manage%20Publications,fliphtml5.com,vendor,1,0,1,naive,
https://www.fliphtml5.com/learning-center/id/7-must-know-pdf-to-html-flipbook-converter-for-creating-interactive-ebooks/,fliphtml5.com,other,1,0,1,naive,
https://www.fliphtml5.com/make-html5-digital-magazine-from-pdf.php,fliphtml5.com,vendor,1,0,1,naive,
https://www.fliphtml5.com/manual/overview.html,fliphtml5.com,vendor,1,0,1,naive,
https://www.fliphtml5.com/online-tools/,fliphtml5.com,vendor,1,0,1,naive,
https://www.fliphtml5.com/templates/83918706/commercial-elevator-and-lift-product-catalog.html,fliphtml5.com,other,1,0,1,naive,
https://www.fliphtml5.com/templates/catalog/,fliphtml5.com,vendor,1,0,1,naive,
https://www.flipsnack.com/65D78FAA9F7/shoppable-wet-it-2026-catalog.html,flipsnack.com,vendor,1,0,1,naive,
https://www.flipsnack.com/features/accessibility,flipsnack.com,vendor,1,0,1,problem-led,
https://www.flipsnack.com/features/product-catalog-generator,flipsnack.com,vendor,1,0,1,naive,
https://www.flipsnack.com/ingramcontent/2025-bookseller-roadmap.html,flipsnack.com,vendor,1,0,1,naive,
https://www.flipsnack.com/templates/interactive-product-catalog-design,flipsnack.com,vendor,1,0,1,comparison,
https://www.forrester.com/blogs/us-tech-forecast-2026-for-retail-make-every-tech-dollar-count/,forrester.com,publication,1,0,1,best-of,
https://www.forrester.com/predictions/b2c-cx-digital-2026/,forrester.com,publication,1,0,1,best-of,
https://www.forrester.com/press-newsroom/forrester-b2c-marketing-cx-digital-2026-predictions/,forrester.com,publication,1,0,1,best-of,
https://www.forrester.com/webinars/2026-cx-b2c-marketing-leaders-predictions/,forrester.com,publication,1,0,1,best-of,
https://www.g2.com/,g2.com,review-site,1,0,1,best-of,
https://www.g2.com/categories/catalog-management/enterprise,g2.com,review-site,1,0,1,problem-led,
https://www.g2.com/categories/catalog-management/small-business,g2.com,review-site,1,0,1,alternatives,
https://www.g2.com/categories/content-analytics/themes/content-experience-platforms,g2.com,review-site,1,0,1,best-of,
https://www.g2.com/categories/content-experience-platforms/enterprise,g2.com,review-site,1,0,1,best-of,
https://www.g2.com/categories/content-experience-platforms?order=g2_score&page=2,g2.com,review-site,1,0,1,best-of,
https://www.g2.com/categories/content-experience-platforms?order=g2_score&page=4&segment=all,g2.com,review-site,1,0,1,best-of,
https://www.g2.com/categories/flipbook/free,g2.com,review-site,1,0,1,naive,
https://www.g2.com/categories/flipbook/free?order=g2_score&page=2,g2.com,review-site,1,0,1,naive,
https://www.g2.com/categories/flipbook?order=popular&page=2,g2.com,review-site,1,0,1,best-of,
https://www.g2.com/categories/retail-media-advertising-platforms,g2.com,review-site,1,0,1,best-of,
https://www.g2.com/discussions/top-rated-catalog-management-software-for-b2b-sales,g2.com,forum,1,0,1,problem-led,
https://www.g2.com/products/anyflip/pricing,g2.com,review-site,1,0,1,alternatives,
https://www.g2.com/products/catalogy/competitors/alternatives,g2.com,comparison,1,0,1,alternatives,
https://www.g2.com/products/ecommerce-catalog-solution/competitors/alternatives,g2.com,comparison,1,0,1,problem-led,
https://www.g2.com/products/page-flip-book-maker/competitors/alternatives,g2.com,review-site,1,0,1,best-of,
https://www.g2.com/products/page-flip-book-maker/reviews,g2.com,review-site,1,0,1,naive,
https://www.g2.com/products/pub-html5/pricing,g2.com,review-site,1,0,1,alternatives,
https://www.galacticfed.com/wp-content/uploads/Galactic-Fed-2025-Marketing-Trends.pdf,galacticfed.com,publication,1,0,1,naive,
https://www.gartner.com/reviews/market/digital-experience-services,gartner.com,review-site,1,0,1,best-of,
https://www.gartner.com/reviews/market/intelligent-retail-business-applications,gartner.com,review-site,1,0,1,best-of,
https://www.gartner.com/reviews/market/retail-media-networks,gartner.com,review-site,1,0,1,best-of,
https://www.getresponse.com/blog/cost-effective-ecommerce-platforms,getresponse.com,vendor,1,0,1,naive,
https://www.getresponse.com/blog/ecommerce-growth-strategies,getresponse.com,vendor,1,0,1,naive,
https://www.getresponse.com/blog/ecommerce-marketing-automation,getresponse.com,vendor,1,0,1,naive,
https://www.getresponse.com/blog/ecommerce-trends,getresponse.com,vendor,1,0,1,naive,
https://www.getresponse.com/blog/marketing-automation-tools,getresponse.com,vendor,1,0,1,naive,
https://www.getresponse.com/blog/personalized-ecommerce-expierences,getresponse.com,vendor,1,0,1,naive,
https://www.getresponse.com/features/product-recommendations,getresponse.com,vendor,1,0,1,naive,
https://www.giiresearch.com/report/coh1891012-us-flipbook-software-market-by-offering-by.html,giiresearch.com,publication,1,0,1,naive,
https://www.google.com/,google.com,other,1,0,1,naive,
https://www.guideflow.com/blog/catalog-management-software,guideflow.com,listicle,1,0,1,problem-led,
https://www.ipaper.io/use-case/automated-catalogs,ipaper.io,vendor,1,0,1,comparison,
https://www.ispringsolutions.com/blog/top-5-flipbook-software-programs,ispringsolutions.com,vendor,1,0,1,naive,
https://www.issuu.com/accessone/docs/step-ada-titan,issuu.com,vendor,1,0,1,problem-led,
https://www.issuu.com/alnimrexpo/docs/idf_brochure_2021_l,issuu.com,vendor,1,0,1,naive,
https://www.issuu.com/anilpatelwork/docs/binder4_compressed,issuu.com,vendor,1,0,1,naive,
https://www.issuu.com/brintontiles/docs/appleton-brooks-tile-handbook-2025,issuu.com,vendor,1,0,1,naive,
https://www.issuu.com/douj,issuu.com,vendor,1,0,1,naive,
https://www.issuu.com/ericsobek,issuu.com,vendor,1,0,1,naive,
https://www.issuu.com/fredfortinpdfbook23/docs/sharks-the-oceans-mightiest-predato_64f04067618ef3,issuu.com,vendor,1,0,1,naive,
https://www.issuu.com/senderomarketing/docs/swm-main_brochure_final,issuu.com,vendor,1,0,1,naive,
https://www.issuu.com/travelmt,issuu.com,vendor,1,0,1,naive,
https://www.krowdbase.com/alternatives/ipaper,krowdbase.com,comparison,1,0,1,alternatives,
https://www.mambatechnologies.com/wp-content/uploads/2025/08/digital-marketing-trends-2025-2.pdf,mambatechnologies.com,other,1,0,1,naive,
https://www.marketresearch.com/Coherent-Market-Insights-v4137/Flipbook-Software-43178724/,marketresearch.com,publication,1,0,1,naive,
https://www.marketresearchintellect.com/blog/exploring-the-flipbook-software-market-key-trends-shaping-the-future-of-digital-content/,marketresearchintellect.com,publication,1,0,1,naive,
https://www.meta.com/help/connected-experiences/262304993281282/,meta.com,vendor,1,0,1,skeptic,
https://www.omnisend.com/blog/shopify-product-tags/,omnisend.com,vendor,1,0,1,problem-led,
https://www.optimizely.com/field-notes/guides/gartner-magic-quadrant-for-content-marketing-platforms,optimizely.com,vendor,1,0,1,best-of,
https://www.pageturnpro.com/blog/top-emerging-trends-in-flipbook-technology-you-need-to-know/,pageturnpro.com,vendor,1,0,1,naive,
https://www.paperturn.com/paperturn-flipsnack-alternative,paperturn.com,comparison,1,0,1,alternatives,
https://www.prestigeadvertising.com/wp-content/uploads/2025/04/QuickPDF.pdf,prestigeadvertising.com,other,1,0,1,naive,
https://www.publitas.com/blog/,publitas.com,vendor,1,0,1,comparison,
https://www.publitas.com/blog/best-5-dcatalog-alternatives-for-digital-catalogs-2026-guide/,publitas.com,comparison,1,0,1,problem-led,
https://www.publitas.com/blog/best-flowpaper-alternative/,publitas.com,comparison,1,0,1,alternatives,
https://www.publitas.com/blog/build-a-business-case-for-digital-catalog-software/,publitas.com,vendor,1,0,1,skeptic,
https://www.publitas.com/blog/catalog-management-software-guide/,publitas.com,vendor,1,0,1,problem-led,
https://www.publitas.com/blog/category/shoppable-content/,publitas.com,vendor,1,0,1,skeptic,
https://www.publitas.com/blog/e-commerce-product-catalog-best-practices/,publitas.com,vendor,1,0,1,skeptic,
https://www.publitas.com/blog/flipsnack-vs-flippingbook/,publitas.com,comparison,1,0,1,best-of,
https://www.publitas.com/blog/how-flipbooks-can-drive-sales-engagement/,publitas.com,vendor,1,0,1,naive,
https://www.publitas.com/blog/how-to-create-a-winning-business-catalog-that-drives-product-discovery-and-sales/,publitas.com,vendor,1,0,1,skeptic,
https://www.publitas.com/blog/managing-multilingual-product-catalogs/,publitas.com,vendor,1,0,1,problem-led,
https://www.publitas.com/blog/product-catalog-management-optimization/,publitas.com,vendor,1,0,1,problem-led,
https://www.publitas.com/blog/product-update-automatic-link-detection/,publitas.com,vendor,1,0,1,problem-led,
https://www.publitas.com/blog/publuu-alternatives-for-digital-catalogs/,publitas.com,comparison,1,0,1,alternatives,
https://www.publitas.com/blog/top-flip-booklets-alternative-for-digital-catalogs/,publitas.com,comparison,1,0,1,comparison,
https://www.publitas.com/blog/top-flippingbook-alternatives-for-digital-catalogs/,publitas.com,comparison,1,0,1,alternatives,
https://www.publitas.com/blog/what-is-catalog-marketing-how-brands-turn-browsing-into-buying/,publitas.com,vendor,1,0,1,problem-led,
https://www.publitas.com/blog/what-is-digital-catalog-analytics-and-why-it-matters/,publitas.com,vendor,1,0,1,skeptic,
https://www.publitas.com/customer-case/driving-engagement-and-sales-through-interactive-campaign-catalogs/,publitas.com,vendor,1,0,1,skeptic,
https://www.publitas.com/enterprise/,publitas.com,vendor,1,0,1,skeptic,
https://www.publitas.com/integrations/,publitas.com,vendor,1,0,1,comparison,
https://www.publitas.com/integrations/google-analytics/,publitas.com,vendor,1,0,1,skeptic,
https://www.publitas.com/issuu-alternative/,publitas.com,comparison,1,0,1,alternatives,
https://www.publitas.com/shoppable-experience-platform/publitas-performance/,publitas.com,vendor,1,0,1,skeptic,
https://www.saasworthy.com/list/catalog-management,saasworthy.com,review-site,1,0,1,problem-led,
https://www.saasworthy.com/product/anyflip,saasworthy.com,review-site,1,0,1,alternatives,
https://www.shopify.com/blog/lookbooks-how-to-use-high-quality-lifestyle-photos-to-boost-sales,shopify.com,publication,1,0,1,skeptic,
https://www.sitecore.com/company/newsroom/press-releases/2026/03/sitecoreai-recognized-by-industry-experts-and-practitioners-as-a-proven-platform-for-marketing-teams,sitecore.com,vendor,1,0,1,best-of,
https://www.sitecore.com/company/newsroom/press-releases/2026/04/sitecore-recognized-as-a-leader-in-the-gartner-magic-quadrant-for-content-marketing-platforms,sitecore.com,vendor,1,0,1,best-of,
https://www.softwareadvice.com/b2b-ecommerce-platform/,softwareadvice.com,review-site,1,0,1,problem-led,
https://www.softwareadvice.com/category/4340-ecommerce/,softwareadvice.com,review-site,1,0,1,problem-led,
https://www.softwareadvice.com/cms/catalogit-profile/alternatives/,softwareadvice.com,comparison,1,0,1,alternatives,
https://www.softwareadvice.com/manufacturing/product-lifecycle-management-comparison/,softwareadvice.com,review-site,1,0,1,problem-led,
https://www.softwareadvice.com/marketing/ipaper-profile/,softwareadvice.com,review-site,1,0,1,alternatives,
https://www.softwareadvice.com/publishing-and-subscriptions/,softwareadvice.com,review-site,1,0,1,alternatives,
https://www.softwareadvice.com/retail/flipsnack-profile/alternatives/,softwareadvice.com,comparison,1,0,1,alternatives,
https://www.softwareadvice.com/retail/retail-management-comparison/,softwareadvice.com,review-site,1,0,1,problem-led,
https://www.softwareadvice.com/scheduling/,softwareadvice.com,review-site,1,0,1,problem-led,
https://www.softwaresuggest.com/ipaper/alternatives,softwaresuggest.com,comparison,1,0,1,alternatives,
https://www.spotsaas.com/product/anyflip/pricing,spotsaas.com,review-site,1,0,1,alternatives,
https://www.statista.com/,statista.com,publication,1,0,1,naive,
https://www.statista.com/chartoftheday/digital%20publishing%20industry/,statista.com,publication,1,0,1,naive,
https://www.statista.com/markets/417/topic/477/books-publishing/,statista.com,publication,1,0,1,naive,
https://www.statista.com/study/14751/digital-publishing-in-the-us-statista-dossier/,statista.com,publication,1,0,1,naive,
https://www.statista.com/study/29901/digital-publishing-in-the-us-statista-dmo-statista-dossier/,statista.com,publication,1,0,1,naive,
https://www.statista.com/topics/1177/book-market/,statista.com,publication,1,0,1,naive,
https://www.statista.com/topics/9280/book-publishing/,statista.com,publication,1,0,1,naive,
https://www.techjockey.com/alternatives/ipaper,techjockey.com,comparison,1,0,1,alternatives,
https://www.technobezz.com/how-to-use-the-microsoft-update-catalog-in-windows,technobezz.com,publication,1,0,1,problem-led,
https://www.tenorshare.com/pdf-editor/issuu-alternative.html,tenorshare.com,comparison,1,0,1,alternatives,
https://www.thetechedvocate.org/how-to-use-the-microsoft-windows-update-catalog-for-windows-updates/,thetechedvocate.org,publication,1,0,1,problem-led,
https://www.thewindowsclub.com/microsoft-update-catalog,thewindowsclub.com,publication,1,0,1,problem-led,
https://www.veopage.com/en/blog/issuu-alternative/,veopage.com,comparison,1,0,1,alternatives,
https://www.verifiedmarketresearch.com/product/flipbook-software-market/,verifiedmarketresearch.com,publication,1,0,1,naive,
https://www.youtube.com/%40publuu/videos,youtube.com,vendor,1,0,1,problem-led,
https://www.youtube.com/results,youtube.com,other,1,0,1,problem-led,
https://www.youtube.com/watch?v=d3Q3orIQau0,youtube.com,other,1,0,1,problem-led,
https://www.zipflipbook.com/blog/the-complete-guide-to-making-your-digital-flipbooks-and-pdfs-ada-compliant,zipflipbook.com,vendor,1,0,1,naive,
https://x-series-support.lightspeedhq.com/hc/en-us/articles/25534069738395-Editing-products,x-series-support.lightspeedhq.com,vendor,1,0,1,problem-led,
https://zenflip.io/en/blog/accessible-digital-publications-guide-2026,zenflip.io,vendor,1,0,1,naive,
https://zenflip.io/en/blog/best-flipbook-makers-2026-compared-reviewed,zenflip.io,listicle,1,0,1,naive,
https://zenflip.io/en/blog/flipbooks-in-content-marketing-2026,zenflip.io,vendor,1,0,1,naive,
https://zenflip.io/en/features/accessibility,zenflip.io,vendor,1,0,1,naive,
https://zipdo.co/best/b2b-catalog-software/,zipdo.co,listicle,1,0,1,problem-led,
https://zipdo.co/best/digital-catalog-publishing-software/,zipdo.co,listicle,1,0,1,alternatives,
https://zohodesk.dcatalog.com/portal/en/kb/dcatalog,zohodesk.dcatalog.com,vendor,1,0,1,problem-led,
https://zohodesk.dcatalog.com/portal/en/kb/dcatalog/managing-my-edition/schedule-editions,zohodesk.dcatalog.com,vendor,1,0,1,problem-led,
