fan_out_query,times_spawned,intent_groups
enterprise flipbook platform accessibility WCAG ADA digital catalog,2,problem-led
best digital catalog software mobile retail flyers 2026,2,problem-led
flipbook platform replace PDF without re-tagging product links,2,problem-led
issuu replace PDF keep links hotspots,2,problem-led
best Issuu alternatives shoppable digital catalog platform 2026,2,alternatives
best flipbook software for retailers 2026 digital catalog flipbook software retail,2,best-of
iPaper shoppable catalog platform retail content features integrations pricing,2,comparison
best free flipbook maker free plan 2026,2,naive
digital catalog update shared link product tags preserve shared link platform support tags edit without breaking link,1,problem-led
digital catalog update shared link preserve tags best practices platform documentation,1,problem-led
shared link preserve tags update catalog product tags documentation,1,problem-led
digital catalog update shared link preserve product tags platform help docs,1,problem-led
catalog shared link preserve tags update products help documentation,1,problem-led
shared link catalog product tags preserve update help center,1,problem-led
best way to turn a PDF catalog into a shoppable experience clickable product links PDF catalog interactive shoppable catalog tools 2026,1,problem-led
interactive shoppable PDF catalog product links software create clickable catalog 2026,1,problem-led
flipbook shoppable catalog clickable product links tool 2026,1,problem-led
best tools to create clickable product links in PDF catalog shoppable experience PDF to interactive catalog official documentation,1,problem-led
Adobe Acrobat create link in PDF official help,1,problem-led
interactive PDF links product catalog digital catalog official,1,problem-led
best way to turn PDF catalog into shoppable experience clickable product links PDF catalog interactive shoppable solution,1,problem-led
interactive PDF catalog clickable product links shoppable experience solution,1,problem-led
how to make a PDF catalog shoppable clickable links product pages best practices,1,problem-led
GA4 track conversions sales from digital catalog flipbook events ecommerce recommended event names Google Analytics 4 official,1,problem-led
GA4 enhanced measurement custom events ecommerce purchase event official,1,problem-led
GA4 track conversions purchases from digital catalog flipbook via Google Analytics ecommerce events official documentation,1,problem-led
GA4 recommended ecommerce events purchase add_to_cart begin_checkout official documentation,1,problem-led
GA4 track conversions sales from digital catalog flipbook event tracking official documentation,1,problem-led
Google Analytics 4 ecommerce events recommended events official documentation,1,problem-led
best digital catalog platform manage schedule dozens of catalogs at once B2B catalog software multi-catalog scheduling,1,problem-led
digital catalog platform schedule multiple catalogs enterprise multi catalog management,1,problem-led
product catalog management software multi catalog publishing scheduling,1,problem-led
best digital catalog platform manage schedule dozens of catalogs at once B2B catalog platform multi-catalog scheduling 2026,1,problem-led
digital catalog software multiple catalogs scheduling platform catalog management dozens of catalogs,1,problem-led
product catalog publishing platform schedule catalogs multiple catalogs management,1,problem-led
site:publitas.com multi catalog management scheduling digital catalogs,1,problem-led
site:dcatalog.com multi catalog management scheduling digital catalogs,1,problem-led
site:fliphtml5.com catalog scheduling multiple catalogs platform,1,problem-led
site:pimcore.com multiple catalogs scheduling platform,1,problem-led
best digital catalog platform manage schedule dozens of catalogs at once enterprise digital catalog platform multi-catalog scheduling,1,problem-led
digital catalog platform product catalog scheduling workflow enterprise multi catalog management,1,problem-led
site:softwareadvice.com digital catalog platform multiple catalogs scheduling,1,problem-led
ADA compliant digital catalog flipbook platform enterprise accessibility WCAG enterprise product,1,problem-led
enterprise flipbook accessibility WCAG ADA digital catalog platform,1,problem-led
ADA compliant digital catalog flipbook platform enterprise accessibility WCAG 2.1 PDF digital publication platform enterprise,1,problem-led
accessible digital publishing platform WCAG enterprise catalog,1,problem-led
ADA compliant digital catalog flipbook platform enterprise accessibility,1,problem-led
digital catalog platform accessibility WCAG enterprise ADA flipbook,1,problem-led
digital catalog software mobile retail flyers software reviews,1,problem-led
retail flyer digital catalog software mobile first,1,problem-led
digital catalog software retail flyers mobile responsive software reviews,1,problem-led
retail flyer digital catalog software mobile app,1,problem-led
best digital catalog software mobile retail flyers ecommerce interactive catalog software mobile optimized,1,problem-led
digital catalog software retail flyers mobile optimized interactive catalog software reviews,1,problem-led
mobile optimized digital catalog software for retail flyers features interactive brochure platform,1,problem-led
flipbook platform update PDF without re-tagging links,1,problem-led
flipbook replace PDF preserve links,1,problem-led
flipbook platform replace PDF without retagging product links editable links preserve hotspots after PDF replacement,1,problem-led
flipbook PDF replacement preserve links hotspots platform,1,problem-led
publitas replace PDF keep product links,1,problem-led
flipbook replace PDF keep hotspots links same platform,1,problem-led
publuu replace PDF preserve links,1,problem-led
Issuu alternatives unlimited pages no paywall features pricing 2026,1,alternatives
best Issuu alternatives unlimited pages pricing,1,alternatives
best Issuu alternatives no page limits pricing features locked behind expensive tiers,1,alternatives
Issuu alternative unlimited pages pricing flipbook no page limits,1,alternatives
site:issuu.com alternative unlimited pages digital publishing platform pricing,1,alternatives
best Issuu alternatives unlimited pages no expensive tier locked features 2026,1,alternatives
Issuu alternative unlimited pages pricing features official site,1,alternatives
PubHTML5 pricing unlimited pages official site,1,alternatives
AnyFlip pricing unlimited pages official site,1,alternatives
best alternatives to iPaper digital catalogs 2026,1,alternatives
iPaper competitors digital catalog software,1,alternatives
digital catalog software alternatives Issuu Flipsnack PubHTML5 Flowpaper,1,alternatives
best digital catalog software alternatives to iPaper 2026,1,alternatives
iPaper digital catalog alternatives features interactive catalogs,1,alternatives
Flipsnack digital catalog software features pricing,1,alternatives
Publitas digital catalog software features pricing,1,alternatives
best alternatives to iPaper digital catalogs software 2026,1,alternatives
iPaper alternatives digital catalogs pricing features,1,alternatives
digital catalog software alternatives iPaper reviews,1,alternatives
shoppable digital catalog platform alternatives Issuu,1,alternatives
digital catalog shoppable ecommerce flipbook alternatives Issuu,1,alternatives
shoppable digital catalog software alternatives to Issuu,1,alternatives
shoppable lookbook digital catalog ecommerce integration Issuu alternatives,1,alternatives
best alternatives to Issuu shoppable digital catalog product recommendations 2026,1,alternatives
shoppable digital catalog platforms alternative to Issuu 2026,1,alternatives
Issuu alternatives interactive digital catalog ecommerce integration,1,alternatives
best digital catalog software retail flipbook 2026 reviews,1,best-of
flipbook software retail catalog platform 2026 official,1,best-of
best digital catalog flipbook software retail 2026,1,best-of
flipbook software retailers interactive catalog 2026,1,best-of
best flipbook software for retailers 2026 digital catalog retail flipbook software comparison,1,best-of
retail flipbook software digital catalog features pricing 2026,1,best-of
flipbook software for retailers digital catalog platform features 2026,1,best-of
top-rated content experience platform retail marketing teams reviews 2026,1,best-of
best content experience platform for retail marketing teams 2026 reviews,1,best-of
content experience platform retail marketing teams CMS personalization commerce 2026,1,best-of
top rated content experience platform retail marketing teams 2026 reviews Gartner Peer Insights content experience platform retail marketing Adobe Sitecore Contentstack Acquia Bloomreach,1,best-of
retail marketing content experience platform reviews G2 2026 composable content experience platform,1,best-of
content experience platform retail marketing teams product reviews 2026,1,best-of
top rated content experience platform retail marketing teams 2026 reviews Gartner G2 Adobe Sitecore Optimizely Acquia,1,best-of
content experience platform retail marketing teams best platforms 2026 official product page,1,best-of
Flipsnack shoppable ecommerce catalogs product features interactive catalog buy buttons official,1,comparison
Publitas shoppable ecommerce catalogs product features interactive catalog buy buttons official,1,comparison
Flipsnack shoppable catalogs ecommerce features official,1,comparison
Publitas shoppable catalogs ecommerce features official,1,comparison
Flipsnack vs Publitas ecommerce catalog shoppable official pricing features,1,comparison
Flipsnack shoppable ecommerce catalogs product features official,1,comparison
Publitas shoppable ecommerce catalogs product features official,1,comparison
Flipsnack vs Publitas shoppable catalogs official docs,1,comparison
Publitas shoppable catalog platform retail content features integrations pricing,1,comparison
Flipsnack shoppable catalog platform retail content features integrations pricing,1,comparison
iPaper shoppable retail content features product pages ecommerce integrations official,1,comparison
Publitas shoppable catalogs retail content ecommerce integrations official,1,comparison
Flipsnack shoppable catalogs ecommerce integrations official,1,comparison
Publitas shoppable catalogs retail content features integrations pricing,1,comparison
Flipsnack shoppable catalog retail content features integrations pricing,1,comparison
free flipbook maker free plan pricing 2026,1,naive
best free flipbook maker 2026 free flipbook software,1,naive
free flipbook maker software free plan 2026,1,naive
free flipbook maker online free plan,1,naive
flipbooks popularity 2025 digital flipbook market trends,1,naive
are flipbooks still popular 2026,1,naive
2026 flipbooks popularity digital flipbook magazines market trends,1,naive
flipbook popularity 2025 digital publishing usage statistics,1,naive
flipbook digital magazine engagement trends 2024 2025,1,naive
flipbook popularity 2025 trends digital marketing pdf flipbook usage,1,naive
flipbooks still popular 2025,1,naive
best PDF to online catalog platform browse shop from official features e-commerce shoppable catalog,1,naive
PDF to online catalog shopping platform official shoppable catalog features,1,naive
best PDF to online catalog browse and shop platform 2026 product recommendations,1,naive
PDF to online catalog with shopping and interactive product catalog software,1,naive
flipbook PDF online catalog ecommerce product catalog software,1,naive
best PDF to online catalog platform browse shop from PDF 2026,1,naive
official PDF to catalog shopping platform features shoppable catalog 2026,1,naive
PDF catalog with ecommerce embed product links official 2026,1,naive
accessible flipbook software WCAG digital catalog software accessibility,1,naive
digital catalog software accessibility WCAG flipbook accessible PDF HTML alternatives,1,naive
flipbook accessibility WCAG issue page turner software,1,naive
accessible flipbook digital catalog software WCAG accessible PDF HTML alternatives,1,naive
flipbook accessibility WCAG digital catalog software accessible screen reader,1,naive
site:help.flipsnack.com accessibility WCAG flipbook,1,naive
site:scribd.com accessibility digital publications screen reader flipbook,1,naive
accessible flipbook software digital catalog accessibility WCAG accessible PDF HTML5 flipbook alternatives,1,naive
digital catalog accessibility WCAG flipbook software accessibility,1,naive
site:help.flipsnack.com accessibility flipbook WCAG,1,naive
site:issuuu.com accessibility WCAG digital magazine accessibility,1,naive
Publitas official features shoppable catalog ecommerce sales drive online sales,1,skeptic
Publitas product pages shoppable links analytics official,1,skeptic
Publitas official interactive catalog online sales features shoppable catalog analytics,1,skeptic
Publitas ecommerce features product tagging shopping links official,1,skeptic
Publitas official features ecommerce shoppable flipbooks online sales site:publitas.com,1,skeptic
Publitas product catalog shoppable links ecommerce official site:publitas.com,1,skeptic
Publitas analytics conversion tracking official site:publitas.com,1,skeptic
digital catalog flipbook software ecommerce site Instagram shop use cases 2026,1,skeptic
Meta Instagram Shop availability 2026 official,1,skeptic
digital catalog software for sales 2026 official benefits,1,skeptic
digital catalog software flipbook software ecommerce site Instagram shop 2026 relevance trend,1,skeptic
Instagram Shops official help 2026 product shopping features,1,skeptic
digital catalog marketing use cases 2026 B2B retail official,1,skeptic
digital catalog flipbook software use cases ecommerce site Instagram shop 2026 trends,1,skeptic
Instagram Shop commerce features 2026 official,1,skeptic
best digital catalog software for wholesale brands 2026 official,1,skeptic
