url,domain,page_type,state,status,hits,ret,cit,engines,intent_groups,publitas_present,publitas_mentions,proximate_to_category,n_competitors,competitors_on_page,category_keywords_on_page,snippet
https://fliplink.me/blog/issuu-alternatives,fliplink.me,comparison,absent,ok,14,5,9,3,alternatives,False,0,False,8,Flipsnack; Issuu; FlippingBook; FlipHTML5; Paperturn; Publuu; Heyzine; Yumpu,digital catalog; flipbook; flipbook maker,
https://www.guideflow.com/blog/content-experience-platforms,www.guideflow.com,listicle,absent,ok,13,4,9,3,best-of,False,0,False,1,Foleon,,
https://www.yudu.com/blog/top-digital-catalogue-software-providers-2026,www.yudu.com,listicle,present-and-cited,ok,13,6,7,2,comparison; problem-led; skeptic,True,6,True,3,Flipsnack; Issuu; FlippingBook,catalogue software; digital catalog; digital catalogue software; flipbook,"gue Software Providers in 2026 Written by Edward Jones Feb 16, 2026, 11:04:17 AM Table Of Contents 1. YUDU Publisher 2. Publitas 3. Issuu 4. FlippingBook 5. FlipSnack Choosing the Right Digital Catalogue Software in 2026 Summary Table Of Contents 1. YUDU Publisher 2. Publitas 3."
https://www.g2.com/products/ipaper/competitors/alternatives,www.g2.com,comparison,unverified,blocked,13,4,9,2,alternatives,False,0,False,0,,,
https://blog.flipbooksai.com/top-8-alternatives-to-issuu-that-are-free-or-cheaper,blog.flipbooksai.com,comparison,absent,ok,12,4,8,3,alternatives,False,0,False,6,Flipsnack; Issuu; FlipHTML5; Publuu; Heyzine; Yumpu,flipbook; flipbook software,
https://www.capterra.com/p/157171/iPaper/alternatives/,www.capterra.com,comparison,unverified,blocked,12,5,7,2,alternatives,False,0,False,0,,,
https://www.g2.com/categories/catalog-management,www.g2.com,review-site,unverified,blocked,12,8,4,2,alternatives; problem-led,False,0,False,0,,,
https://kindlepreneur.com/best-flipbook-software/,kindlepreneur.com,listicle,absent,ok,11,8,3,2,best-of; naive; skeptic,False,0,False,3,Flipsnack; FlipHTML5; Publuu,digital catalog; flipbook; flipbook maker; flipbook software,
https://fliplink.me/blog/best-flipbook-makers,fliplink.me,listicle,absent,ok,11,3,8,2,best-of; naive,False,0,False,9,Flipsnack; Issuu; FlippingBook; FlipHTML5; iPaper; Paperturn; Publuu; Heyzine; Yumpu,digital catalog; flipbook; flipbook maker; shoppable catalog,
https://www.capterra.com/catalog-management-software/,www.capterra.com,review-site,unverified,blocked,11,11,0,2,alternatives; best-of; problem-led,False,0,False,0,,,
https://sourceforge.net/software/catalog-management/,sourceforge.net,review-site,unverified,blocked,10,7,3,2,problem-led,False,0,False,0,,,
https://softwarefinder.com/ecommerce-software/publitas,softwarefinder.com,review-site,present-and-cited,ok,10,8,2,1,alternatives; comparison; skeptic,True,41,True,0,,digital catalog; shoppable catalog,"Publitas: Pricing, Free Demo & Features | Software Finder Software Categories For Vendors Resource Center Write a Review Join Free or Log In Home E-Commerce Sof"
https://www.capterra.com/p/207703/Publitas/,www.capterra.com,review-site,unverified,blocked,10,6,4,1,alternatives; comparison; skeptic,False,0,False,0,,,
https://www.catalogy.com/blog/how-to-share-a-catalog-online,www.catalogy.com,vendor,absent,ok,9,4,5,3,problem-led,False,0,False,1,Flipsnack,digital catalog; flipbook,
https://fliplink.me/blog/best-free-flipbook-makers,fliplink.me,listicle,absent,ok,9,3,6,2,alternatives; best-of; naive,False,0,False,7,Flipsnack; Issuu; FlippingBook; FlipHTML5; Publuu; Heyzine; Yumpu,digital catalog; flipbook; flipbook maker; flipbook software,
https://www.capterra.com/p/148417/DCatalog/,www.capterra.com,review-site,unverified,blocked,9,4,5,1,alternatives; problem-led,False,0,False,0,,,
https://www.guideflow.com/blog/catalog-management-software,www.guideflow.com,listicle,absent,ok,8,4,4,3,problem-led,False,0,False,0,,catalog software; digital catalog,
https://gitnux.org/best/digital-catalog-software/,gitnux.org,listicle,absent,ok,8,5,3,2,alternatives; problem-led; skeptic,False,0,False,5,Flipsnack; FlipHTML5; Publuu; Heyzine; Yumpu,catalog software; catalogue software; digital catalog; digital catalog software; flipbook; shoppable catalog,
https://www.capterra.com/compare/176854-207703/Flipsnack-vs-Publitas,www.capterra.com,review-site,present-and-cited,ok,8,6,2,2,alternatives; comparison,True,20,True,5,Flipsnack; Issuu; Paperturn; Publuu; Heyzine,flipbook,"r Software Research team, and reviews moderated by our Reviews Verification team. Learn more Your comparison: Flipsnack Publitas 2 /4 selected Add products Flipsnack 4.6 (310) View Profile Publitas 4.6 (58) View Profile Overview Summary User Reviews User Interface Features Add pr"
https://toolradar.com/tools/publitas,toolradar.com,review-site,present-and-cited,ok,8,5,3,1,comparison; skeptic,True,34,True,0,,digital catalog; shoppable catalog,"Publitas Reviews, Pricing & Alternatives (2026) | Toolradar Skip to content do-not-click Toolradar Browse Alternatives Guides Research Work with us Search tools"
https://www.g2.com/categories/flipbook,www.g2.com,review-site,unverified,blocked,8,3,5,1,best-of; naive,False,0,False,0,,,
https://sourceforge.net/software/product/Issuu/alternatives,sourceforge.net,review-site,unverified,blocked,7,4,3,2,alternatives,False,0,False,0,,,
https://theretailexec.com/tools/best-catalog-management-software/,theretailexec.com,listicle,present-and-cited,ok,7,4,3,2,problem-led,True,14,True,2,Flipsnack; iPaper,digital catalog; flipbook,y. Easy to access. Cons: Additional upgrades can add up. LEARN MORE ABOUT CATBASE: Check out CatBase on their website 8 Publitas Best for publishing interactive catalogs 14-day free trial From $499/month Visit Website Manage multiple product catalog publications. Publitas helps r
https://www.softwareadvice.com/marketing/ipaper-profile/,www.softwareadvice.com,review-site,unverified,blocked,7,4,3,2,alternatives; comparison,False,0,False,0,,,
https://www.veopage.com/en/blog/issuu-alternative/,www.veopage.com,comparison,absent,ok,7,4,3,2,alternatives,False,0,False,4,Issuu; FlippingBook; Publuu; Heyzine,catalog software; digital catalog; digital catalog software; flipbook; flipbook software; shoppable catalog,
https://zenflip.io/en/blog/best-flipbook-makers-2026-compared-reviewed,zenflip.io,listicle,absent,ok,7,7,0,2,best-of; naive,False,0,False,3,Flipsnack; Issuu; FlipHTML5,flipbook; flipbook maker; flipbook software,
https://www.capterra.com/p/157171/iPaper/,www.capterra.com,review-site,unverified,blocked,7,7,0,2,alternatives; comparison,False,0,False,0,,,
https://www.softwareadvice.com/catalog-management/,www.softwareadvice.com,review-site,unverified,blocked,7,6,1,2,alternatives; problem-led,False,0,False,0,,,
https://www.getapp.com/marketing-software/a/flipsnack/compare/publitas/,www.getapp.com,review-site,unverified,blocked,7,3,4,2,alternatives; comparison,False,0,False,0,,,
https://www.g2.com/products/issuu/competitors/alternatives,www.g2.com,comparison,unverified,blocked,7,4,3,1,alternatives,False,0,False,0,,,
https://www.gartner.com/reviews/market/content-marketing-platforms,www.gartner.com,review-site,unverified,blocked,7,2,5,1,best-of,False,0,False,0,,,
https://fliplink.me/blog/replace-pdf-keep-same-link,fliplink.me,vendor,absent,ok,6,5,1,3,problem-led,False,0,False,7,Flipsnack; Issuu; FlippingBook; FlipHTML5; Publuu; Heyzine; Yumpu,digital catalog; flipbook,
https://i3dify.com/blog/pdf-catalog-product-showcase,i3dify.com,vendor,absent,ok,6,3,3,2,problem-led,False,0,False,0,,flipbook; shoppable catalog; shoppable catalogue,
https://fliplink.me/blog/how-to-create-digital-catalog-from-pdf,fliplink.me,vendor,absent,ok,6,1,5,2,naive; problem-led,False,0,False,7,Flipsnack; Issuu; FlippingBook; FlipHTML5; Publuu; Heyzine; Yumpu,digital catalog; flipbook,
https://www.capterra.com/p/209819/Heyzine/,www.capterra.com,review-site,unverified,blocked,6,4,2,2,alternatives; naive,False,0,False,0,,,
https://alina-25366.medium.com/affordable-issuu-alternative-what-to-consider-after-their-drastic-price-increase-30196f97b835,alina-25366.medium.com,comparison,absent,ok,6,3,3,1,alternatives,False,0,False,4,Issuu; FlippingBook; Publuu; Heyzine,flipbook; flipbook maker; flipbook software,
https://apps.shopify.com/pdf-converter,apps.shopify.com,marketplace,absent,ok,6,3,3,1,naive; problem-led,False,0,False,0,,,
https://blog.flipbooksai.com/flipbook-makers-ranked-best-free-options-this-year,blog.flipbooksai.com,vendor,absent,ok,6,3,3,1,naive,False,0,False,5,Flipsnack; Issuu; FlipHTML5; Publuu; Yumpu,digital catalog; flipbook; flipbook maker,
https://blog.flipbooksai.com/top-8-free-tools-to-make-interactive-flipbooks-in-2026,blog.flipbooksai.com,vendor,absent,ok,6,3,3,1,naive,False,0,False,6,Flipsnack; Issuu; FlipHTML5; Publuu; Heyzine; Yumpu,digital catalog; flipbook; flipbook maker,
https://dailyiowan.com/2025/12/16/top-10-online-free-flipbook-makers-for-2026/,dailyiowan.com,listicle,present-and-cited,ok,6,3,3,1,naive,True,4,True,3,iPaper; Paperturn; Publuu,flipbook; flipbook maker; flipbook software,"al, strong analytics, smooth viewer performance, and rare extras such as Android app publishing. Paperturn, iPaper, and Publitas perform well within defined use cases, while AnyFlip wins on volume and FlipBuilder on creative control. I believe free access only matters when it sho"
